-- MySQL Script generated by MySQL Workbench
-- Mon May 29 20:32:27 2023
-- Model: New Model    Version: 1.0
-- MySQL Workbench Forward Engineering

SET @OLD_UNIQUE_CHECKS=@@UNIQUE_CHECKS, UNIQUE_CHECKS=0;
SET @OLD_FOREIGN_KEY_CHECKS=@@FOREIGN_KEY_CHECKS, FOREIGN_KEY_CHECKS=0;
SET @OLD_SQL_MODE=@@SQL_MODE, SQL_MODE='ONLY_FULL_GROUP_BY,STRICT_TRANS_TABLES,NO_ZERO_IN_DATE,NO_ZERO_DATE,ERROR_FOR_DIVISION_BY_ZERO,NO_ENGINE_SUBSTITUTION';

-- -----------------------------------------------------
-- Schema KinoCourse
-- -----------------------------------------------------

-- -----------------------------------------------------
-- Schema KinoCourse
-- -----------------------------------------------------
CREATE SCHEMA IF NOT EXISTS `KinoCourse` DEFAULT CHARACTER SET utf8 ;
USE `KinoCourse` ;

-- -----------------------------------------------------
-- Table `KinoCourse`.`movie`
-- -----------------------------------------------------
CREATE TABLE IF NOT EXISTS `KinoCourse`.`movie` (
  `idmovie` INT NOT NULL AUTO_INCREMENT,
  `title` VARCHAR(45) NOT NULL,
  `description` MEDIUMTEXT NOT NULL,
  `year` YEAR(4) NOT NULL,
  `runtime` TIME NOT NULL,
  PRIMARY KEY (`idmovie`))
ENGINE = InnoDB;


-- -----------------------------------------------------
-- Table `KinoCourse`.`actor`
-- -----------------------------------------------------
CREATE TABLE IF NOT EXISTS `KinoCourse`.`actor` (
  `idactor` INT NOT NULL AUTO_INCREMENT,
  `actor` VARCHAR(45) NOT NULL,
  PRIMARY KEY (`idactor`))
ENGINE = InnoDB;


-- -----------------------------------------------------
-- Table `KinoCourse`.`movie_cast`
-- -----------------------------------------------------
CREATE TABLE IF NOT EXISTS `KinoCourse`.`movie_cast` (
  `movie_idmovie` INT NOT NULL,
  `actor_idactor` INT NOT NULL,
  PRIMARY KEY (`movie_idmovie`, `actor_idactor`),
  INDEX `fk_movie_cast_movie1_idx` (`movie_idmovie` ASC) VISIBLE,
  INDEX `fk_movie_cast_person1_idx` (`actor_idactor` ASC) VISIBLE,
  CONSTRAINT `fk_movie_cast_movie1`
    FOREIGN KEY (`movie_idmovie`)
    REFERENCES `KinoCourse`.`movie` (`idmovie`)
    ON DELETE NO ACTION
    ON UPDATE NO ACTION,
  CONSTRAINT `fk_movie_cast_person1`
    FOREIGN KEY (`actor_idactor`)
    REFERENCES `KinoCourse`.`actor` (`idactor`)
    ON DELETE NO ACTION
    ON UPDATE NO ACTION)
ENGINE = InnoDB;


-- -----------------------------------------------------
-- Table `KinoCourse`.`country`
-- -----------------------------------------------------
CREATE TABLE IF NOT EXISTS `KinoCourse`.`country` (
  `idcountry` INT NOT NULL AUTO_INCREMENT,
  `country` VARCHAR(45) NOT NULL,
  PRIMARY KEY (`idcountry`))
ENGINE = InnoDB;


-- -----------------------------------------------------
-- Table `KinoCourse`.`movie_country`
-- -----------------------------------------------------
CREATE TABLE IF NOT EXISTS `KinoCourse`.`movie_country` (
  `country_idcountry` INT NOT NULL,
  `movie_idmovie` INT NOT NULL,
  PRIMARY KEY (`country_idcountry`, `movie_idmovie`),
  INDEX `fk_movie_country_country_idx` (`country_idcountry` ASC) VISIBLE,
  INDEX `fk_movie_country_movie1_idx` (`movie_idmovie` ASC) VISIBLE,
  CONSTRAINT `fk_movie_country_country`
    FOREIGN KEY (`country_idcountry`)
    REFERENCES `KinoCourse`.`country` (`idcountry`)
    ON DELETE NO ACTION
    ON UPDATE NO ACTION,
  CONSTRAINT `fk_movie_country_movie1`
    FOREIGN KEY (`movie_idmovie`)
    REFERENCES `KinoCourse`.`movie` (`idmovie`)
    ON DELETE NO ACTION
    ON UPDATE NO ACTION)
ENGINE = InnoDB;


-- -----------------------------------------------------
-- Table `KinoCourse`.`genre`
-- -----------------------------------------------------
CREATE TABLE IF NOT EXISTS `KinoCourse`.`genre` (
  `idgenre` INT NOT NULL AUTO_INCREMENT,
  `genre` VARCHAR(45) NOT NULL,
  PRIMARY KEY (`idgenre`))
ENGINE = InnoDB;


-- -----------------------------------------------------
-- Table `KinoCourse`.`movie_genre`
-- -----------------------------------------------------
CREATE TABLE IF NOT EXISTS `KinoCourse`.`movie_genre` (
  `movie_idmovie` INT NOT NULL,
  `genre_idgenre` INT NOT NULL,
  PRIMARY KEY (`movie_idmovie`, `genre_idgenre`),
  INDEX `fk_movie_genre_movie1_idx` (`movie_idmovie` ASC) VISIBLE,
  INDEX `fk_movie_genre_genre1_idx` (`genre_idgenre` ASC) VISIBLE,
  CONSTRAINT `fk_movie_genre_movie1`
    FOREIGN KEY (`movie_idmovie`)
    REFERENCES `KinoCourse`.`movie` (`idmovie`)
    ON DELETE NO ACTION
    ON UPDATE NO ACTION,
  CONSTRAINT `fk_movie_genre_genre1`
    FOREIGN KEY (`genre_idgenre`)
    REFERENCES `KinoCourse`.`genre` (`idgenre`)
    ON DELETE NO ACTION
    ON UPDATE NO ACTION)
ENGINE = InnoDB;


SET SQL_MODE=@OLD_SQL_MODE;
SET FOREIGN_KEY_CHECKS=@OLD_FOREIGN_KEY_CHECKS;
SET UNIQUE_CHECKS=@OLD_UNIQUE_CHECKS;

-- -----------------------------------------------------
-- Data for table `KinoCourse`.`movie`
-- -----------------------------------------------------
START TRANSACTION;
USE `KinoCourse`;
INSERT INTO `KinoCourse`.`movie` (`idmovie`, `title`, `description`, `year`, `runtime`) VALUES (1, 'Криминальное чтиво', 'Двое бандитов Винсент Вега и Джулс Винфилд ведут философские беседы в перерывах между разборками и решением проблем с должниками криминального босса Марселласа Уоллеса. В первой истории Винсент проводит незабываемый вечер с женой Марселласа Мией. Во второй рассказывается о боксёре Бутче Кулидже, купленном Уоллесом, чтобы сдать бой. В третьей истории Винсент и Джулс по нелепой случайности попадают в неприятности.', 1994, '02:34:00');
INSERT INTO `KinoCourse`.`movie` (`idmovie`, `title`, `description`, `year`, `runtime`) VALUES (2, 'Титаник', 'В первом и последнем плавании шикарного «Титаника» встречаются двое. Пассажир нижней палубы Джек выиграл билет в карты, а богатая наследница Роза отправляется в Америку, чтобы выйти замуж по расчёту. Чувства молодых людей только успевают расцвести, и даже не классовые различия создадут испытания влюблённым, а айсберг, вставший на пути считавшегося непотопляемым лайнера.', 1997, '03:14:00');
INSERT INTO `KinoCourse`.`movie` (`idmovie`, `title`, `description`, `year`, `runtime`) VALUES (3, 'Мы из будущего', 'Действие картины разворачивается в двух временных пластах: в наши дни и в годы войны, во время тяжелых оборонительных боев августа 1942-го. Главные герои ленты – четверо «черных следопытов» (людей этой сомнительной профессии называют также «черными копателями») – Борман, Череп, Чуха и Спирт. Они ведут раскопки в тех местах, где когда-то шли бои, чтобы потом продать найденные медали, ордена, документы и немецкое оружие. Дело это выгодное, но опасное. Однажды на месте раскопок начинает происходить нечто странное: в найденных солдатских книжках, принадлежавших погибшим солдатам Красной армии, вдруг обнаруживаются фотографии самих «следопытов»...', 2008, '01:55:00');
INSERT INTO `KinoCourse`.`movie` (`idmovie`, `title`, `description`, `year`, `runtime`) VALUES (4, 'Т-34', 'В ноябре 1941 года в деревне Нефёдовка вчерашний курсант Николай Ивушкин был вынужден принять командование единственным уцелевшим танком и вступить в неравное противостояние с немецкой танковой ротой, приближавшейся к Москве. Силами противника командовал опытный гауптман Клаус Ягер, но это не спасло его подразделение от поражения, хоть самому ему и удалось ранить нашего курсанта. Летом 1944 года уже пытавшийся совершить несколько побегов Ивушкин попадет в концлагерь в Тюрингии. Там же оказывается и его «старый знакомый» Ягер, который решает использовать навыки Николая для тренировки немецких кадетов.', 2018, '02:19:00');
INSERT INTO `KinoCourse`.`movie` (`idmovie`, `title`, `description`, `year`, `runtime`) VALUES (5, 'Матрица', 'Жизнь Томаса Андерсона разделена на две части: днём он — самый обычный офисный работник, получающий нагоняи от начальства, а ночью превращается в хакера по имени Нео, и нет места в сети, куда он бы не смог проникнуть. Но однажды всё меняется. Томас узнаёт ужасающую правду о реальности. ', 1999, '02:16:00');
INSERT INTO `KinoCourse`.`movie` (`idmovie`, `title`, `description`, `year`, `runtime`) VALUES (6, 'Властелин колец: Братство кольца', 'Сказания о Средиземье — это хроника Великой войны за Кольцо, длившейся не одну тысячу лет. Тот, кто владел Кольцом, получал неограниченную власть, но был обязан служить злу. Тихая деревня, где живут хоббиты. Придя на 111-й день рождения к своему старому другу Бильбо Бэггинсу, волшебник Гэндальф начинает вести разговор о кольце, которое Бильбо нашел много лет назад. Это кольцо принадлежало когда-то темному властителю Средиземья Саурону, и оно дает большую власть своему обладателю. Теперь Саурон хочет вернуть себе власть над Средиземьем. Бильбо отдает Кольцо племяннику Фродо, чтобы тот отнёс его к Роковой Горе и уничтожил.', 2001, '02:58:00');
INSERT INTO `KinoCourse`.`movie` (`idmovie`, `title`, `description`, `year`, `runtime`) VALUES (7, 'Форсаж', 'Его зовут Брайан, и он — фанат турбин и нитроускорителей. Он пытается попасть в автобанду легендарного Доминика Торетто, чемпиона опасных и незаконных уличных гонок. Брайан также полицейский, и его задание — втереться в доверие к Торетто, подозреваемому в причастности к дерзким грабежам грузовиков, совершаемым прямо на ходу.', 2001, '01:46:00');
INSERT INTO `KinoCourse`.`movie` (`idmovie`, `title`, `description`, `year`, `runtime`) VALUES (8, 'Холоп', '27-летний московский мажор Григорий ошалел от безнаказанности. Богатый папа стабильно его отмазывает, да так, что уже обновил автопарк и оборудование отделению полиции, где служит начальником его друг. После очередной выходки терпение отца иссякает, и он обращается к психологу, практикующему шоковые методы воздействия на пациентов. Вскоре сынуля попадает в аварию и приходит в себя на деревенской конюшне. На дворе — Россия 1860 года, а сам он — бесправный конюх Гришка, которому за любую провинность и ослушание всегда готовы всыпать плетей, а то и вздёрнуть на глазах у всего честного народа.', 2019, '01:49:00');
INSERT INTO `KinoCourse`.`movie` (`idmovie`, `title`, `description`, `year`, `runtime`) VALUES (9, 'Побег из Шоушенка', 'Бухгалтер Энди Дюфрейн обвинён в убийстве собственной жены и её любовника. Оказавшись в тюрьме под названием Шоушенк, он сталкивается с жестокостью и беззаконием, царящими по обе стороны решётки. Каждый, кто попадает в эти стены, становится их рабом до конца жизни. Но Энди, обладающий живым умом и доброй душой, находит подход как к заключённым, так и к охранникам, добиваясь их особого к себе расположения.', 1994, '02:22:00');
INSERT INTO `KinoCourse`.`movie` (`idmovie`, `title`, `description`, `year`, `runtime`) VALUES (10, 'Форрест Гамп', 'Сидя на автобусной остановке, Форрест Гамп — не очень умный, но добрый и открытый парень — рассказывает случайным встречным историю своей необыкновенной жизни. С самого малолетства парень страдал от заболевания ног, соседские мальчишки дразнили его, но в один прекрасный день Форрест открыл в себе невероятные способности к бегу. Подруга детства Дженни всегда его поддерживала и защищала, но вскоре дороги их разошлись.', 1994, '02:22:00');
INSERT INTO `KinoCourse`.`movie` (`idmovie`, `title`, `description`, `year`, `runtime`) VALUES (11, 'Бойцовский клуб', 'Сотрудник страховой компании страдает хронической бессонницей и отчаянно пытается вырваться из мучительно скучной жизни. Однажды в очередной командировке он встречает некоего Тайлера Дёрдена — харизматического торговца мылом с извращенной философией. Тайлер уверен, что самосовершенствование — удел слабых, а единственное, ради чего стоит жить, — саморазрушение. Проходит немного времени, и вот уже новые друзья лупят друг друга почем зря на стоянке перед баром, и очищающий мордобой доставляет им высшее блаженство. Приобщая других мужчин к простым радостям физической жестокости, они основывают тайный Бойцовский клуб, который начинает пользоваться невероятной популярностью.', 1999, '02:19:00');
INSERT INTO `KinoCourse`.`movie` (`idmovie`, `title`, `description`, `year`, `runtime`) VALUES (12, 'Последний богатырь', 'Победитель 5-го сезона «Битвы магов» белый маг Святозар, а на самом деле — обычный парень Иван, привычно пудрит мозги телезрителям и доверчивым клиентам, готовым поверить во что угодно. Однажды, спасаясь бегством от крепких охранников мужа очередной одураченной им домохозяйки, парень внезапно переносится из Москвы в сказочную страну Белогорье. А встреченный там старец объявляет Ивану, что тот — сын Ильи Муромца, и только он может их спасти. Так наш «белый маг» оказывается в эпицентре противостояния волшебных сил добра и зла, вот только сам парень уверен, что он тут совершенно ни при чём, и всё это — какая-то нелепая ошибка.', 2017, '01:56:00');
INSERT INTO `KinoCourse`.`movie` (`idmovie`, `title`, `description`, `year`, `runtime`) VALUES (13, 'Кто я', 'Бенджамин – молодой компьютерный гений. С детства он мечтает стать супергероем из комиксов и покорить мир. Но в реальном мире он - никто. Его жизнь неожиданно меняется, когда он встречает свою полную противоположность – харизматичного Макса. Не желая жить в жёстких рамках системы, они совершают череду дерзких кибер-преступлений. Восстав против равнодушного общества, они становятся кумирами для целого поколения. Теперь Бенджамин - не просто супергерой, он – самый разыскиваемый хакер в мире. Но что его ждёт после погружения в альтернативную реальность? Кто же он на самом деле?. ', 2014, '01:42:00');
INSERT INTO `KinoCourse`.`movie` (`idmovie`, `title`, `description`, `year`, `runtime`) VALUES (14, 'Быстрее пули', 'Наёмник под кодовым именем Божья Коровка отправляется на новую миссию: вместо заболевшего коллеги он должен сесть в скоростной поезд Токио — Киото, выкрасть чемоданчик и сойти на промежуточной станции. Но выполнение простого задания сильно осложняется, когда выясняется, что состав просто кишит всевозможными киллерами. ', 2022, '02:06:00');
INSERT INTO `KinoCourse`.`movie` (`idmovie`, `title`, `description`, `year`, `runtime`) VALUES (15, 'Ёлки', 'Новогодние события происходят в 11 городах: Калининграде, Казани, Перми, Уфе, Бавлах, Екатеринбурге, Красноярске, Якутске, Новосибирске, Санкт-Петербурге и Москве. Герои фильма — таксист и поп-дива, бизнесмен и актер, сноубордист и лыжник, студент и пенсионерка, пожарный и директриса, вор и милиционер, гастарбайтер и президент России. Все они оказываются в самый канун Нового года в очень непростой ситуации, выйти из которой им поможет только чудо… или Теория шести рукопожатий, согласно которой каждый человек на земле знает другого через шесть знакомых.', 2010, '01:30:00');
INSERT INTO `KinoCourse`.`movie` (`idmovie`, `title`, `description`, `year`, `runtime`) VALUES (16, 'Короче', 'Фантастическая история о неожиданном решении проблемы перенаселения планеты: норвежские ученые придумывают технологию по уменьшению людей, благодаря которой через 200 лет весь мир можно сделать миниатюрным. К тому же мини-жизнь предлагает массу финансовых выгод, так что простой парень Пол и его жена Одри, недолго думая, решают оставить свое унылое существование в Омахе и пройти процедуру уменьшения. Это их решение повлечет за собой самые удивительные последствия….', 2017, '02:15:00');
INSERT INTO `KinoCourse`.`movie` (`idmovie`, `title`, `description`, `year`, `runtime`) VALUES (17, 'Джон Уик', 'Джон Уик - на первый взгляд, самый обычный среднестатистический американец, который ведет спокойную мирную жизнь. Однако мало кто знает, что он был наёмным убийцей, причём одним из лучших профессионалов в своём деле. После того как сынок главы бандитской группы со своими приятелями угоняет его любимый «Мустанг» 1969 года выпуска, при этом убив его собаку Дейзи, которая была подарком недавно почившей супруги, Джон вынужден вернуться к своему прошлому. Теперь Уик начинает охоту за теми, кто имел неосторожность перейти ему дорогу, и он готов на всё, чтобы отомстить.', 2014, '01:41:00');
INSERT INTO `KinoCourse`.`movie` (`idmovie`, `title`, `description`, `year`, `runtime`) VALUES (18, 'Джуманджи', 'Случайно обнаружив настольную игру со странным названием «Джуманджи», Алан Пэрриш на глазах изумленной подружки перенёсся в джунгли. Он находился в этом мире до тех пор, пока двое ни о чем не подозревающих подростков не нашли игру и не сняли волшебные чары, освободив Алана из многолетнего плена. Теперь им предстоит решить нелегкую задачу - пройти немыслимые препятствия и одержать победу над силами магии.', 1995, '01:44:00');
INSERT INTO `KinoCourse`.`movie` (`idmovie`, `title`, `description`, `year`, `runtime`) VALUES (19, 'Мумия', 'На бескрайних просторах египетской пустыни компания сорвиголов разных национальностей рыщет в поисках несметных сокровищ фараона, над которыми тяготеет жуткое древнее проклятие. Рядом с кладом покоится мумия коварного жреца, жестоко казненного за ужасное убийство могущественного правителя Египта. Золотоискатели потревожили многовековой покой гробницы, и мумия встает из могилы, чтобы погрузить мир в царство кошмара.', 1999, '02:04:00');
INSERT INTO `KinoCourse`.`movie` (`idmovie`, `title`, `description`, `year`, `runtime`) VALUES (20, 'Солдаты неудачи', 'Камера. Мотор. Начали! В реальных джунглях проходят съемки суперблокбастера с участием больших звезд, среди которых: крутой герой боевиков, мастер туалетного юмора, чернокожий рэпер Альпа Чино и обладатель всех кинопремий, специально для фильма перекрасивший кожу в черный цвет. Когда у продюсеров закончились деньги и съемки были остановлены – актерам про это не сказали. Поэтому они с холостыми патронами с легкостью вступают в неравный бой с настоящими вооруженными до зубов бандитами-головорезами.', 2008, '02:01:00');

COMMIT;


-- -----------------------------------------------------
-- Data for table `KinoCourse`.`actor`
-- -----------------------------------------------------
START TRANSACTION;
USE `KinoCourse`;
INSERT INTO `KinoCourse`.`actor` (`idactor`, `actor`) VALUES (1, 'Джон Траволта');
INSERT INTO `KinoCourse`.`actor` (`idactor`, `actor`) VALUES (2, 'Сэмюэл Л. Джексон');
INSERT INTO `KinoCourse`.`actor` (`idactor`, `actor`) VALUES (3, 'Брюс Уиллис');
INSERT INTO `KinoCourse`.`actor` (`idactor`, `actor`) VALUES (4, 'Ума Турман');
INSERT INTO `KinoCourse`.`actor` (`idactor`, `actor`) VALUES (5, 'Винг Реймз');
INSERT INTO `KinoCourse`.`actor` (`idactor`, `actor`) VALUES (6, 'Тим Рот');
INSERT INTO `KinoCourse`.`actor` (`idactor`, `actor`) VALUES (7, 'Квентин Тарантино');
INSERT INTO `KinoCourse`.`actor` (`idactor`, `actor`) VALUES (8, 'Леонардо ДиКаприо');
INSERT INTO `KinoCourse`.`actor` (`idactor`, `actor`) VALUES (9, 'Кейт Уинслет');
INSERT INTO `KinoCourse`.`actor` (`idactor`, `actor`) VALUES (10, 'Билли Зейн');
INSERT INTO `KinoCourse`.`actor` (`idactor`, `actor`) VALUES (11, 'Кэти Бейтс');
INSERT INTO `KinoCourse`.`actor` (`idactor`, `actor`) VALUES (12, 'Фрэнсис Фишер');
INSERT INTO `KinoCourse`.`actor` (`idactor`, `actor`) VALUES (13, 'Глория Стюарт');
INSERT INTO `KinoCourse`.`actor` (`idactor`, `actor`) VALUES (14, 'Данила Козловский');
INSERT INTO `KinoCourse`.`actor` (`idactor`, `actor`) VALUES (15, 'Дмитрий Волкострелов');
INSERT INTO `KinoCourse`.`actor` (`idactor`, `actor`) VALUES (16, 'Владимир Яглыч');
INSERT INTO `KinoCourse`.`actor` (`idactor`, `actor`) VALUES (17, 'Андрей Терентьев');
INSERT INTO `KinoCourse`.`actor` (`idactor`, `actor`) VALUES (18, 'Екатерина Климова');
INSERT INTO `KinoCourse`.`actor` (`idactor`, `actor`) VALUES (19, 'Борис Галкин');
INSERT INTO `KinoCourse`.`actor` (`idactor`, `actor`) VALUES (20, 'Даниил Страхов');
INSERT INTO `KinoCourse`.`actor` (`idactor`, `actor`) VALUES (21, 'Сергей Маховиков');
INSERT INTO `KinoCourse`.`actor` (`idactor`, `actor`) VALUES (22, 'Александр Петров');
INSERT INTO `KinoCourse`.`actor` (`idactor`, `actor`) VALUES (23, 'Виктор Добронравов');
INSERT INTO `KinoCourse`.`actor` (`idactor`, `actor`) VALUES (24, 'Ирина Старшенбаум');
INSERT INTO `KinoCourse`.`actor` (`idactor`, `actor`) VALUES (25, 'Винценц Кифер');
INSERT INTO `KinoCourse`.`actor` (`idactor`, `actor`) VALUES (26, 'Пётр Скворцов');
INSERT INTO `KinoCourse`.`actor` (`idactor`, `actor`) VALUES (27, 'Семён Трескунов');
INSERT INTO `KinoCourse`.`actor` (`idactor`, `actor`) VALUES (28, 'Антон Богданов');
INSERT INTO `KinoCourse`.`actor` (`idactor`, `actor`) VALUES (29, 'Василий Уриевский');
INSERT INTO `KinoCourse`.`actor` (`idactor`, `actor`) VALUES (30, 'Киану Ривз');
INSERT INTO `KinoCourse`.`actor` (`idactor`, `actor`) VALUES (31, 'Лоренс Фишбёрн');
INSERT INTO `KinoCourse`.`actor` (`idactor`, `actor`) VALUES (32, 'Кэрри-Энн Мосс');
INSERT INTO `KinoCourse`.`actor` (`idactor`, `actor`) VALUES (33, 'Хьюго Уивинг');
INSERT INTO `KinoCourse`.`actor` (`idactor`, `actor`) VALUES (34, 'Глория Фостер');
INSERT INTO `KinoCourse`.`actor` (`idactor`, `actor`) VALUES (35, 'Джо Пантольяно');
INSERT INTO `KinoCourse`.`actor` (`idactor`, `actor`) VALUES (36, 'Маркус Чонг');
INSERT INTO `KinoCourse`.`actor` (`idactor`, `actor`) VALUES (37, 'Элайджа Вуд');
INSERT INTO `KinoCourse`.`actor` (`idactor`, `actor`) VALUES (38, 'Иэн Маккеллен');
INSERT INTO `KinoCourse`.`actor` (`idactor`, `actor`) VALUES (39, 'Шон Эстин');
INSERT INTO `KinoCourse`.`actor` (`idactor`, `actor`) VALUES (40, 'Вигго Мортенсен');
INSERT INTO `KinoCourse`.`actor` (`idactor`, `actor`) VALUES (41, 'Билли Бойд');
INSERT INTO `KinoCourse`.`actor` (`idactor`, `actor`) VALUES (42, 'Доминик Монахэн');
INSERT INTO `KinoCourse`.`actor` (`idactor`, `actor`) VALUES (43, 'Джон Рис-Дэвис');
INSERT INTO `KinoCourse`.`actor` (`idactor`, `actor`) VALUES (44, 'Орландо Блум');
INSERT INTO `KinoCourse`.`actor` (`idactor`, `actor`) VALUES (45, 'Шон Бин');
INSERT INTO `KinoCourse`.`actor` (`idactor`, `actor`) VALUES (46, 'Пол Уокер');
INSERT INTO `KinoCourse`.`actor` (`idactor`, `actor`) VALUES (47, 'Вин Дизель');
INSERT INTO `KinoCourse`.`actor` (`idactor`, `actor`) VALUES (48, 'Мишель Родригес');
INSERT INTO `KinoCourse`.`actor` (`idactor`, `actor`) VALUES (49, 'Джордана Брюстер');
INSERT INTO `KinoCourse`.`actor` (`idactor`, `actor`) VALUES (50, 'Мэтт Шульце');
INSERT INTO `KinoCourse`.`actor` (`idactor`, `actor`) VALUES (51, 'Рик Юн');
INSERT INTO `KinoCourse`.`actor` (`idactor`, `actor`) VALUES (52, 'Чэд Линдберг');
INSERT INTO `KinoCourse`.`actor` (`idactor`, `actor`) VALUES (53, 'Джонни Стронг');
INSERT INTO `KinoCourse`.`actor` (`idactor`, `actor`) VALUES (54, 'Милош Бикович');
INSERT INTO `KinoCourse`.`actor` (`idactor`, `actor`) VALUES (55, 'Александра Бортич');
INSERT INTO `KinoCourse`.`actor` (`idactor`, `actor`) VALUES (56, 'Александр Самойленко');
INSERT INTO `KinoCourse`.`actor` (`idactor`, `actor`) VALUES (57, 'Иван Охлобыстин');
INSERT INTO `KinoCourse`.`actor` (`idactor`, `actor`) VALUES (58, 'Тим Роббинс');
INSERT INTO `KinoCourse`.`actor` (`idactor`, `actor`) VALUES (59, 'Морган Фриман');
INSERT INTO `KinoCourse`.`actor` (`idactor`, `actor`) VALUES (60, 'Боб Гантон');
INSERT INTO `KinoCourse`.`actor` (`idactor`, `actor`) VALUES (61, 'Уильям Сэдлер');
INSERT INTO `KinoCourse`.`actor` (`idactor`, `actor`) VALUES (62, 'Клэнси Браун');
INSERT INTO `KinoCourse`.`actor` (`idactor`, `actor`) VALUES (63, 'Том Хэнкс');
INSERT INTO `KinoCourse`.`actor` (`idactor`, `actor`) VALUES (64, 'Робин Райт');
INSERT INTO `KinoCourse`.`actor` (`idactor`, `actor`) VALUES (65, 'Салли Филд');
INSERT INTO `KinoCourse`.`actor` (`idactor`, `actor`) VALUES (66, 'Гэри Синиз');
INSERT INTO `KinoCourse`.`actor` (`idactor`, `actor`) VALUES (67, 'Эдвард Нортон');
INSERT INTO `KinoCourse`.`actor` (`idactor`, `actor`) VALUES (68, 'Брэд Питт');
INSERT INTO `KinoCourse`.`actor` (`idactor`, `actor`) VALUES (69, 'Хелена Бонем Картер');
INSERT INTO `KinoCourse`.`actor` (`idactor`, `actor`) VALUES (70, 'Зэк Гренье');
INSERT INTO `KinoCourse`.`actor` (`idactor`, `actor`) VALUES (71, 'Холт Маккэллани');
INSERT INTO `KinoCourse`.`actor` (`idactor`, `actor`) VALUES (72, 'Джаред Лето');
INSERT INTO `KinoCourse`.`actor` (`idactor`, `actor`) VALUES (73, 'Виктор Хориняк');
INSERT INTO `KinoCourse`.`actor` (`idactor`, `actor`) VALUES (74, 'Мила Сивацкая');
INSERT INTO `KinoCourse`.`actor` (`idactor`, `actor`) VALUES (75, 'Екатерина Вилкова');
INSERT INTO `KinoCourse`.`actor` (`idactor`, `actor`) VALUES (76, 'Елена Яковлева');
INSERT INTO `KinoCourse`.`actor` (`idactor`, `actor`) VALUES (77, 'Константин Лавроненко');
INSERT INTO `KinoCourse`.`actor` (`idactor`, `actor`) VALUES (78, 'Евгений Дятлов');
INSERT INTO `KinoCourse`.`actor` (`idactor`, `actor`) VALUES (79, 'Сергей Бурунов');
INSERT INTO `KinoCourse`.`actor` (`idactor`, `actor`) VALUES (80, 'Том Шиллинг');
INSERT INTO `KinoCourse`.`actor` (`idactor`, `actor`) VALUES (81, 'Элиас М’Барек');
INSERT INTO `KinoCourse`.`actor` (`idactor`, `actor`) VALUES (82, 'Вотан Вильке Мёринг');
INSERT INTO `KinoCourse`.`actor` (`idactor`, `actor`) VALUES (83, 'Антуан Моно мл.');
INSERT INTO `KinoCourse`.`actor` (`idactor`, `actor`) VALUES (84, 'Ханна Херцшпрунг');
INSERT INTO `KinoCourse`.`actor` (`idactor`, `actor`) VALUES (85, 'Джои Кинг');
INSERT INTO `KinoCourse`.`actor` (`idactor`, `actor`) VALUES (86, 'Аарон Тейлор-Джонсон');
INSERT INTO `KinoCourse`.`actor` (`idactor`, `actor`) VALUES (87, 'Брайан Тайри Генри');
INSERT INTO `KinoCourse`.`actor` (`idactor`, `actor`) VALUES (88, 'Эндрю Кодзи');
INSERT INTO `KinoCourse`.`actor` (`idactor`, `actor`) VALUES (89, 'Хироюки Санада');
INSERT INTO `KinoCourse`.`actor` (`idactor`, `actor`) VALUES (90, 'Зази Битц');
INSERT INTO `KinoCourse`.`actor` (`idactor`, `actor`) VALUES (91, 'Иван Ургант');
INSERT INTO `KinoCourse`.`actor` (`idactor`, `actor`) VALUES (92, 'Сергей Светлаков');
INSERT INTO `KinoCourse`.`actor` (`idactor`, `actor`) VALUES (93, 'Сергей Походаев');
INSERT INTO `KinoCourse`.`actor` (`idactor`, `actor`) VALUES (94, 'Алина Булынко');
INSERT INTO `KinoCourse`.`actor` (`idactor`, `actor`) VALUES (95, 'Артур Смольянинов');
INSERT INTO `KinoCourse`.`actor` (`idactor`, `actor`) VALUES (96, 'Мэтт Дэймон');
INSERT INTO `KinoCourse`.`actor` (`idactor`, `actor`) VALUES (97, 'Кристоф Вальц');
INSERT INTO `KinoCourse`.`actor` (`idactor`, `actor`) VALUES (98, 'Хонг Чау');
INSERT INTO `KinoCourse`.`actor` (`idactor`, `actor`) VALUES (99, 'Кристен Уиг');
INSERT INTO `KinoCourse`.`actor` (`idactor`, `actor`) VALUES (100, 'Рольф Лассгор');
INSERT INTO `KinoCourse`.`actor` (`idactor`, `actor`) VALUES (101, 'Ингьерд Эгеберг');
INSERT INTO `KinoCourse`.`actor` (`idactor`, `actor`) VALUES (102, 'Микаэл Нюквист');
INSERT INTO `KinoCourse`.`actor` (`idactor`, `actor`) VALUES (103, 'Алфи Аллен');
INSERT INTO `KinoCourse`.`actor` (`idactor`, `actor`) VALUES (104, 'Уиллем Дефо');
INSERT INTO `KinoCourse`.`actor` (`idactor`, `actor`) VALUES (105, 'Дин Уинтерс');
INSERT INTO `KinoCourse`.`actor` (`idactor`, `actor`) VALUES (106, 'Робин Уильямс');
INSERT INTO `KinoCourse`.`actor` (`idactor`, `actor`) VALUES (107, 'Бонни Хант');
INSERT INTO `KinoCourse`.`actor` (`idactor`, `actor`) VALUES (108, 'Кирстен Данст');
INSERT INTO `KinoCourse`.`actor` (`idactor`, `actor`) VALUES (109, 'Брэдли Пирс');
INSERT INTO `KinoCourse`.`actor` (`idactor`, `actor`) VALUES (110, 'Биби Ньювирт');
INSERT INTO `KinoCourse`.`actor` (`idactor`, `actor`) VALUES (111, 'Брендан Фрейзер');
INSERT INTO `KinoCourse`.`actor` (`idactor`, `actor`) VALUES (112, 'Рэйчел Вайс');
INSERT INTO `KinoCourse`.`actor` (`idactor`, `actor`) VALUES (113, 'Джон Ханна');
INSERT INTO `KinoCourse`.`actor` (`idactor`, `actor`) VALUES (114, 'Бен Стиллер');
INSERT INTO `KinoCourse`.`actor` (`idactor`, `actor`) VALUES (115, 'Бен Стиллер');
INSERT INTO `KinoCourse`.`actor` (`idactor`, `actor`) VALUES (116, 'Роберт Дауни мл.');
INSERT INTO `KinoCourse`.`actor` (`idactor`, `actor`) VALUES (117, 'Джек Блэк');
INSERT INTO `KinoCourse`.`actor` (`idactor`, `actor`) VALUES (118, 'Джей Барушель');
INSERT INTO `KinoCourse`.`actor` (`idactor`, `actor`) VALUES (119, 'Брэндон Т. Джексон');
INSERT INTO `KinoCourse`.`actor` (`idactor`, `actor`) VALUES (120, 'Том Круз');

COMMIT;


-- -----------------------------------------------------
-- Data for table `KinoCourse`.`movie_cast`
-- -----------------------------------------------------
START TRANSACTION;
USE `KinoCourse`;
INSERT INTO `KinoCourse`.`movie_cast` (`movie_idmovie`, `actor_idactor`) VALUES (1, 1);
INSERT INTO `KinoCourse`.`movie_cast` (`movie_idmovie`, `actor_idactor`) VALUES (1, 2);
INSERT INTO `KinoCourse`.`movie_cast` (`movie_idmovie`, `actor_idactor`) VALUES (1, 3);
INSERT INTO `KinoCourse`.`movie_cast` (`movie_idmovie`, `actor_idactor`) VALUES (1, 4);
INSERT INTO `KinoCourse`.`movie_cast` (`movie_idmovie`, `actor_idactor`) VALUES (1, 5);
INSERT INTO `KinoCourse`.`movie_cast` (`movie_idmovie`, `actor_idactor`) VALUES (1, 6);
INSERT INTO `KinoCourse`.`movie_cast` (`movie_idmovie`, `actor_idactor`) VALUES (1, 7);
INSERT INTO `KinoCourse`.`movie_cast` (`movie_idmovie`, `actor_idactor`) VALUES (2, 8);
INSERT INTO `KinoCourse`.`movie_cast` (`movie_idmovie`, `actor_idactor`) VALUES (2, 9);
INSERT INTO `KinoCourse`.`movie_cast` (`movie_idmovie`, `actor_idactor`) VALUES (2, 10);
INSERT INTO `KinoCourse`.`movie_cast` (`movie_idmovie`, `actor_idactor`) VALUES (2, 11);
INSERT INTO `KinoCourse`.`movie_cast` (`movie_idmovie`, `actor_idactor`) VALUES (2, 12);
INSERT INTO `KinoCourse`.`movie_cast` (`movie_idmovie`, `actor_idactor`) VALUES (2, 13);
INSERT INTO `KinoCourse`.`movie_cast` (`movie_idmovie`, `actor_idactor`) VALUES (3, 14);
INSERT INTO `KinoCourse`.`movie_cast` (`movie_idmovie`, `actor_idactor`) VALUES (3, 15);
INSERT INTO `KinoCourse`.`movie_cast` (`movie_idmovie`, `actor_idactor`) VALUES (3, 16);
INSERT INTO `KinoCourse`.`movie_cast` (`movie_idmovie`, `actor_idactor`) VALUES (3, 17);
INSERT INTO `KinoCourse`.`movie_cast` (`movie_idmovie`, `actor_idactor`) VALUES (3, 18);
INSERT INTO `KinoCourse`.`movie_cast` (`movie_idmovie`, `actor_idactor`) VALUES (3, 19);
INSERT INTO `KinoCourse`.`movie_cast` (`movie_idmovie`, `actor_idactor`) VALUES (3, 20);
INSERT INTO `KinoCourse`.`movie_cast` (`movie_idmovie`, `actor_idactor`) VALUES (3, 21);
INSERT INTO `KinoCourse`.`movie_cast` (`movie_idmovie`, `actor_idactor`) VALUES (4, 22);
INSERT INTO `KinoCourse`.`movie_cast` (`movie_idmovie`, `actor_idactor`) VALUES (4, 23);
INSERT INTO `KinoCourse`.`movie_cast` (`movie_idmovie`, `actor_idactor`) VALUES (4, 24);
INSERT INTO `KinoCourse`.`movie_cast` (`movie_idmovie`, `actor_idactor`) VALUES (4, 25);
INSERT INTO `KinoCourse`.`movie_cast` (`movie_idmovie`, `actor_idactor`) VALUES (4, 26);
INSERT INTO `KinoCourse`.`movie_cast` (`movie_idmovie`, `actor_idactor`) VALUES (4, 27);
INSERT INTO `KinoCourse`.`movie_cast` (`movie_idmovie`, `actor_idactor`) VALUES (4, 28);
INSERT INTO `KinoCourse`.`movie_cast` (`movie_idmovie`, `actor_idactor`) VALUES (4, 29);
INSERT INTO `KinoCourse`.`movie_cast` (`movie_idmovie`, `actor_idactor`) VALUES (5, 30);
INSERT INTO `KinoCourse`.`movie_cast` (`movie_idmovie`, `actor_idactor`) VALUES (5, 31);
INSERT INTO `KinoCourse`.`movie_cast` (`movie_idmovie`, `actor_idactor`) VALUES (5, 32);
INSERT INTO `KinoCourse`.`movie_cast` (`movie_idmovie`, `actor_idactor`) VALUES (5, 33);
INSERT INTO `KinoCourse`.`movie_cast` (`movie_idmovie`, `actor_idactor`) VALUES (5, 34);
INSERT INTO `KinoCourse`.`movie_cast` (`movie_idmovie`, `actor_idactor`) VALUES (5, 35);
INSERT INTO `KinoCourse`.`movie_cast` (`movie_idmovie`, `actor_idactor`) VALUES (5, 36);
INSERT INTO `KinoCourse`.`movie_cast` (`movie_idmovie`, `actor_idactor`) VALUES (6, 37);
INSERT INTO `KinoCourse`.`movie_cast` (`movie_idmovie`, `actor_idactor`) VALUES (6, 38);
INSERT INTO `KinoCourse`.`movie_cast` (`movie_idmovie`, `actor_idactor`) VALUES (6, 39);
INSERT INTO `KinoCourse`.`movie_cast` (`movie_idmovie`, `actor_idactor`) VALUES (6, 40);
INSERT INTO `KinoCourse`.`movie_cast` (`movie_idmovie`, `actor_idactor`) VALUES (6, 41);
INSERT INTO `KinoCourse`.`movie_cast` (`movie_idmovie`, `actor_idactor`) VALUES (6, 42);
INSERT INTO `KinoCourse`.`movie_cast` (`movie_idmovie`, `actor_idactor`) VALUES (6, 43);
INSERT INTO `KinoCourse`.`movie_cast` (`movie_idmovie`, `actor_idactor`) VALUES (6, 44);
INSERT INTO `KinoCourse`.`movie_cast` (`movie_idmovie`, `actor_idactor`) VALUES (6, 45);
INSERT INTO `KinoCourse`.`movie_cast` (`movie_idmovie`, `actor_idactor`) VALUES (7, 46);
INSERT INTO `KinoCourse`.`movie_cast` (`movie_idmovie`, `actor_idactor`) VALUES (7, 47);
INSERT INTO `KinoCourse`.`movie_cast` (`movie_idmovie`, `actor_idactor`) VALUES (7, 48);
INSERT INTO `KinoCourse`.`movie_cast` (`movie_idmovie`, `actor_idactor`) VALUES (7, 49);
INSERT INTO `KinoCourse`.`movie_cast` (`movie_idmovie`, `actor_idactor`) VALUES (7, 50);
INSERT INTO `KinoCourse`.`movie_cast` (`movie_idmovie`, `actor_idactor`) VALUES (7, 51);
INSERT INTO `KinoCourse`.`movie_cast` (`movie_idmovie`, `actor_idactor`) VALUES (7, 52);
INSERT INTO `KinoCourse`.`movie_cast` (`movie_idmovie`, `actor_idactor`) VALUES (7, 53);
INSERT INTO `KinoCourse`.`movie_cast` (`movie_idmovie`, `actor_idactor`) VALUES (8, 54);
INSERT INTO `KinoCourse`.`movie_cast` (`movie_idmovie`, `actor_idactor`) VALUES (8, 55);
INSERT INTO `KinoCourse`.`movie_cast` (`movie_idmovie`, `actor_idactor`) VALUES (8, 56);
INSERT INTO `KinoCourse`.`movie_cast` (`movie_idmovie`, `actor_idactor`) VALUES (8, 57);
INSERT INTO `KinoCourse`.`movie_cast` (`movie_idmovie`, `actor_idactor`) VALUES (9, 58);
INSERT INTO `KinoCourse`.`movie_cast` (`movie_idmovie`, `actor_idactor`) VALUES (9, 59);
INSERT INTO `KinoCourse`.`movie_cast` (`movie_idmovie`, `actor_idactor`) VALUES (9, 60);
INSERT INTO `KinoCourse`.`movie_cast` (`movie_idmovie`, `actor_idactor`) VALUES (9, 61);
INSERT INTO `KinoCourse`.`movie_cast` (`movie_idmovie`, `actor_idactor`) VALUES (9, 62);
INSERT INTO `KinoCourse`.`movie_cast` (`movie_idmovie`, `actor_idactor`) VALUES (10, 63);
INSERT INTO `KinoCourse`.`movie_cast` (`movie_idmovie`, `actor_idactor`) VALUES (10, 64);
INSERT INTO `KinoCourse`.`movie_cast` (`movie_idmovie`, `actor_idactor`) VALUES (10, 65);
INSERT INTO `KinoCourse`.`movie_cast` (`movie_idmovie`, `actor_idactor`) VALUES (10, 66);
INSERT INTO `KinoCourse`.`movie_cast` (`movie_idmovie`, `actor_idactor`) VALUES (11, 67);
INSERT INTO `KinoCourse`.`movie_cast` (`movie_idmovie`, `actor_idactor`) VALUES (11, 68);
INSERT INTO `KinoCourse`.`movie_cast` (`movie_idmovie`, `actor_idactor`) VALUES (11, 69);
INSERT INTO `KinoCourse`.`movie_cast` (`movie_idmovie`, `actor_idactor`) VALUES (11, 70);
INSERT INTO `KinoCourse`.`movie_cast` (`movie_idmovie`, `actor_idactor`) VALUES (11, 71);
INSERT INTO `KinoCourse`.`movie_cast` (`movie_idmovie`, `actor_idactor`) VALUES (11, 72);
INSERT INTO `KinoCourse`.`movie_cast` (`movie_idmovie`, `actor_idactor`) VALUES (12, 73);
INSERT INTO `KinoCourse`.`movie_cast` (`movie_idmovie`, `actor_idactor`) VALUES (12, 74);
INSERT INTO `KinoCourse`.`movie_cast` (`movie_idmovie`, `actor_idactor`) VALUES (12, 75);
INSERT INTO `KinoCourse`.`movie_cast` (`movie_idmovie`, `actor_idactor`) VALUES (12, 76);
INSERT INTO `KinoCourse`.`movie_cast` (`movie_idmovie`, `actor_idactor`) VALUES (12, 77);
INSERT INTO `KinoCourse`.`movie_cast` (`movie_idmovie`, `actor_idactor`) VALUES (12, 78);
INSERT INTO `KinoCourse`.`movie_cast` (`movie_idmovie`, `actor_idactor`) VALUES (12, 79);
INSERT INTO `KinoCourse`.`movie_cast` (`movie_idmovie`, `actor_idactor`) VALUES (13, 80);
INSERT INTO `KinoCourse`.`movie_cast` (`movie_idmovie`, `actor_idactor`) VALUES (13, 81);
INSERT INTO `KinoCourse`.`movie_cast` (`movie_idmovie`, `actor_idactor`) VALUES (13, 82);
INSERT INTO `KinoCourse`.`movie_cast` (`movie_idmovie`, `actor_idactor`) VALUES (13, 83);
INSERT INTO `KinoCourse`.`movie_cast` (`movie_idmovie`, `actor_idactor`) VALUES (13, 84);
INSERT INTO `KinoCourse`.`movie_cast` (`movie_idmovie`, `actor_idactor`) VALUES (14, 85);
INSERT INTO `KinoCourse`.`movie_cast` (`movie_idmovie`, `actor_idactor`) VALUES (14, 86);
INSERT INTO `KinoCourse`.`movie_cast` (`movie_idmovie`, `actor_idactor`) VALUES (14, 87);
INSERT INTO `KinoCourse`.`movie_cast` (`movie_idmovie`, `actor_idactor`) VALUES (14, 88);
INSERT INTO `KinoCourse`.`movie_cast` (`movie_idmovie`, `actor_idactor`) VALUES (14, 89);
INSERT INTO `KinoCourse`.`movie_cast` (`movie_idmovie`, `actor_idactor`) VALUES (14, 90);
INSERT INTO `KinoCourse`.`movie_cast` (`movie_idmovie`, `actor_idactor`) VALUES (15, 91);
INSERT INTO `KinoCourse`.`movie_cast` (`movie_idmovie`, `actor_idactor`) VALUES (15, 92);
INSERT INTO `KinoCourse`.`movie_cast` (`movie_idmovie`, `actor_idactor`) VALUES (15, 93);
INSERT INTO `KinoCourse`.`movie_cast` (`movie_idmovie`, `actor_idactor`) VALUES (15, 94);
INSERT INTO `KinoCourse`.`movie_cast` (`movie_idmovie`, `actor_idactor`) VALUES (15, 95);
INSERT INTO `KinoCourse`.`movie_cast` (`movie_idmovie`, `actor_idactor`) VALUES (16, 96);
INSERT INTO `KinoCourse`.`movie_cast` (`movie_idmovie`, `actor_idactor`) VALUES (16, 97);
INSERT INTO `KinoCourse`.`movie_cast` (`movie_idmovie`, `actor_idactor`) VALUES (16, 98);
INSERT INTO `KinoCourse`.`movie_cast` (`movie_idmovie`, `actor_idactor`) VALUES (16, 99);
INSERT INTO `KinoCourse`.`movie_cast` (`movie_idmovie`, `actor_idactor`) VALUES (16, 100);
INSERT INTO `KinoCourse`.`movie_cast` (`movie_idmovie`, `actor_idactor`) VALUES (16, 101);
INSERT INTO `KinoCourse`.`movie_cast` (`movie_idmovie`, `actor_idactor`) VALUES (17, 102);
INSERT INTO `KinoCourse`.`movie_cast` (`movie_idmovie`, `actor_idactor`) VALUES (17, 103);
INSERT INTO `KinoCourse`.`movie_cast` (`movie_idmovie`, `actor_idactor`) VALUES (17, 104);
INSERT INTO `KinoCourse`.`movie_cast` (`movie_idmovie`, `actor_idactor`) VALUES (17, 105);
INSERT INTO `KinoCourse`.`movie_cast` (`movie_idmovie`, `actor_idactor`) VALUES (18, 106);
INSERT INTO `KinoCourse`.`movie_cast` (`movie_idmovie`, `actor_idactor`) VALUES (18, 107);
INSERT INTO `KinoCourse`.`movie_cast` (`movie_idmovie`, `actor_idactor`) VALUES (18, 108);
INSERT INTO `KinoCourse`.`movie_cast` (`movie_idmovie`, `actor_idactor`) VALUES (18, 109);
INSERT INTO `KinoCourse`.`movie_cast` (`movie_idmovie`, `actor_idactor`) VALUES (18, 110);
INSERT INTO `KinoCourse`.`movie_cast` (`movie_idmovie`, `actor_idactor`) VALUES (19, 111);
INSERT INTO `KinoCourse`.`movie_cast` (`movie_idmovie`, `actor_idactor`) VALUES (19, 112);
INSERT INTO `KinoCourse`.`movie_cast` (`movie_idmovie`, `actor_idactor`) VALUES (19, 113);
INSERT INTO `KinoCourse`.`movie_cast` (`movie_idmovie`, `actor_idactor`) VALUES (20, 114);
INSERT INTO `KinoCourse`.`movie_cast` (`movie_idmovie`, `actor_idactor`) VALUES (20, 115);
INSERT INTO `KinoCourse`.`movie_cast` (`movie_idmovie`, `actor_idactor`) VALUES (20, 116);
INSERT INTO `KinoCourse`.`movie_cast` (`movie_idmovie`, `actor_idactor`) VALUES (20, 117);
INSERT INTO `KinoCourse`.`movie_cast` (`movie_idmovie`, `actor_idactor`) VALUES (20, 118);
INSERT INTO `KinoCourse`.`movie_cast` (`movie_idmovie`, `actor_idactor`) VALUES (20, 119);
INSERT INTO `KinoCourse`.`movie_cast` (`movie_idmovie`, `actor_idactor`) VALUES (20, 120);
INSERT INTO `KinoCourse`.`movie_cast` (`movie_idmovie`, `actor_idactor`) VALUES (14, 68);
INSERT INTO `KinoCourse`.`movie_cast` (`movie_idmovie`, `actor_idactor`) VALUES (15, 75);
INSERT INTO `KinoCourse`.`movie_cast` (`movie_idmovie`, `actor_idactor`) VALUES (17, 30);

COMMIT;


-- -----------------------------------------------------
-- Data for table `KinoCourse`.`country`
-- -----------------------------------------------------
START TRANSACTION;
USE `KinoCourse`;
INSERT INTO `KinoCourse`.`country` (`idcountry`, `country`) VALUES (1, 'Россия');
INSERT INTO `KinoCourse`.`country` (`idcountry`, `country`) VALUES (2, 'США');
INSERT INTO `KinoCourse`.`country` (`idcountry`, `country`) VALUES (3, 'Великобритания');
INSERT INTO `KinoCourse`.`country` (`idcountry`, `country`) VALUES (4, 'Германия');
INSERT INTO `KinoCourse`.`country` (`idcountry`, `country`) VALUES (5, 'Китай');
INSERT INTO `KinoCourse`.`country` (`idcountry`, `country`) VALUES (6, 'Норвегия');
INSERT INTO `KinoCourse`.`country` (`idcountry`, `country`) VALUES (7, 'Новая Зеландия');
INSERT INTO `KinoCourse`.`country` (`idcountry`, `country`) VALUES (8, 'Австелия');
INSERT INTO `KinoCourse`.`country` (`idcountry`, `country`) VALUES (9, 'Мексика');

COMMIT;


-- -----------------------------------------------------
-- Data for table `KinoCourse`.`movie_country`
-- -----------------------------------------------------
START TRANSACTION;
USE `KinoCourse`;
INSERT INTO `KinoCourse`.`movie_country` (`country_idcountry`, `movie_idmovie`) VALUES (2, 1);
INSERT INTO `KinoCourse`.`movie_country` (`country_idcountry`, `movie_idmovie`) VALUES (2, 2);
INSERT INTO `KinoCourse`.`movie_country` (`country_idcountry`, `movie_idmovie`) VALUES (9, 2);
INSERT INTO `KinoCourse`.`movie_country` (`country_idcountry`, `movie_idmovie`) VALUES (2, 3);
INSERT INTO `KinoCourse`.`movie_country` (`country_idcountry`, `movie_idmovie`) VALUES (1, 4);
INSERT INTO `KinoCourse`.`movie_country` (`country_idcountry`, `movie_idmovie`) VALUES (2, 5);
INSERT INTO `KinoCourse`.`movie_country` (`country_idcountry`, `movie_idmovie`) VALUES (8, 5);
INSERT INTO `KinoCourse`.`movie_country` (`country_idcountry`, `movie_idmovie`) VALUES (2, 6);
INSERT INTO `KinoCourse`.`movie_country` (`country_idcountry`, `movie_idmovie`) VALUES (7, 6);
INSERT INTO `KinoCourse`.`movie_country` (`country_idcountry`, `movie_idmovie`) VALUES (2, 7);
INSERT INTO `KinoCourse`.`movie_country` (`country_idcountry`, `movie_idmovie`) VALUES (4, 7);
INSERT INTO `KinoCourse`.`movie_country` (`country_idcountry`, `movie_idmovie`) VALUES (1, 8);
INSERT INTO `KinoCourse`.`movie_country` (`country_idcountry`, `movie_idmovie`) VALUES (2, 9);
INSERT INTO `KinoCourse`.`movie_country` (`country_idcountry`, `movie_idmovie`) VALUES (2, 10);
INSERT INTO `KinoCourse`.`movie_country` (`country_idcountry`, `movie_idmovie`) VALUES (2, 11);
INSERT INTO `KinoCourse`.`movie_country` (`country_idcountry`, `movie_idmovie`) VALUES (4, 11);
INSERT INTO `KinoCourse`.`movie_country` (`country_idcountry`, `movie_idmovie`) VALUES (1, 12);
INSERT INTO `KinoCourse`.`movie_country` (`country_idcountry`, `movie_idmovie`) VALUES (4, 13);
INSERT INTO `KinoCourse`.`movie_country` (`country_idcountry`, `movie_idmovie`) VALUES (2, 14);
INSERT INTO `KinoCourse`.`movie_country` (`country_idcountry`, `movie_idmovie`) VALUES (1, 15);
INSERT INTO `KinoCourse`.`movie_country` (`country_idcountry`, `movie_idmovie`) VALUES (2, 16);
INSERT INTO `KinoCourse`.`movie_country` (`country_idcountry`, `movie_idmovie`) VALUES (6, 16);
INSERT INTO `KinoCourse`.`movie_country` (`country_idcountry`, `movie_idmovie`) VALUES (2, 17);
INSERT INTO `KinoCourse`.`movie_country` (`country_idcountry`, `movie_idmovie`) VALUES (5, 17);
INSERT INTO `KinoCourse`.`movie_country` (`country_idcountry`, `movie_idmovie`) VALUES (2, 18);
INSERT INTO `KinoCourse`.`movie_country` (`country_idcountry`, `movie_idmovie`) VALUES (2, 19);
INSERT INTO `KinoCourse`.`movie_country` (`country_idcountry`, `movie_idmovie`) VALUES (2, 20);
INSERT INTO `KinoCourse`.`movie_country` (`country_idcountry`, `movie_idmovie`) VALUES (3, 20);
INSERT INTO `KinoCourse`.`movie_country` (`country_idcountry`, `movie_idmovie`) VALUES (4, 20);

COMMIT;


-- -----------------------------------------------------
-- Data for table `KinoCourse`.`genre`
-- -----------------------------------------------------
START TRANSACTION;
USE `KinoCourse`;
INSERT INTO `KinoCourse`.`genre` (`idgenre`, `genre`) VALUES (1, 'Боевик');
INSERT INTO `KinoCourse`.`genre` (`idgenre`, `genre`) VALUES (2, 'Военный');
INSERT INTO `KinoCourse`.`genre` (`idgenre`, `genre`) VALUES (3, 'Драма');
INSERT INTO `KinoCourse`.`genre` (`idgenre`, `genre`) VALUES (4, 'Комедия');
INSERT INTO `KinoCourse`.`genre` (`idgenre`, `genre`) VALUES (5, 'Криминальный');
INSERT INTO `KinoCourse`.`genre` (`idgenre`, `genre`) VALUES (6, 'Приключение');
INSERT INTO `KinoCourse`.`genre` (`idgenre`, `genre`) VALUES (7, 'Фантастика');
INSERT INTO `KinoCourse`.`genre` (`idgenre`, `genre`) VALUES (8, 'Фэнтези');

COMMIT;


-- -----------------------------------------------------
-- Data for table `KinoCourse`.`movie_genre`
-- -----------------------------------------------------
START TRANSACTION;
USE `KinoCourse`;
INSERT INTO `KinoCourse`.`movie_genre` (`movie_idmovie`, `genre_idgenre`) VALUES (1, 3);
INSERT INTO `KinoCourse`.`movie_genre` (`movie_idmovie`, `genre_idgenre`) VALUES (1, 5);
INSERT INTO `KinoCourse`.`movie_genre` (`movie_idmovie`, `genre_idgenre`) VALUES (2, 3);
INSERT INTO `KinoCourse`.`movie_genre` (`movie_idmovie`, `genre_idgenre`) VALUES (3, 7);
INSERT INTO `KinoCourse`.`movie_genre` (`movie_idmovie`, `genre_idgenre`) VALUES (3, 1);
INSERT INTO `KinoCourse`.`movie_genre` (`movie_idmovie`, `genre_idgenre`) VALUES (3, 6);
INSERT INTO `KinoCourse`.`movie_genre` (`movie_idmovie`, `genre_idgenre`) VALUES (3, 2);
INSERT INTO `KinoCourse`.`movie_genre` (`movie_idmovie`, `genre_idgenre`) VALUES (4, 3);
INSERT INTO `KinoCourse`.`movie_genre` (`movie_idmovie`, `genre_idgenre`) VALUES (4, 1);
INSERT INTO `KinoCourse`.`movie_genre` (`movie_idmovie`, `genre_idgenre`) VALUES (4, 2);
INSERT INTO `KinoCourse`.`movie_genre` (`movie_idmovie`, `genre_idgenre`) VALUES (5, 1);
INSERT INTO `KinoCourse`.`movie_genre` (`movie_idmovie`, `genre_idgenre`) VALUES (5, 7);
INSERT INTO `KinoCourse`.`movie_genre` (`movie_idmovie`, `genre_idgenre`) VALUES (6, 8);
INSERT INTO `KinoCourse`.`movie_genre` (`movie_idmovie`, `genre_idgenre`) VALUES (6, 6);
INSERT INTO `KinoCourse`.`movie_genre` (`movie_idmovie`, `genre_idgenre`) VALUES (6, 1);
INSERT INTO `KinoCourse`.`movie_genre` (`movie_idmovie`, `genre_idgenre`) VALUES (6, 3);
INSERT INTO `KinoCourse`.`movie_genre` (`movie_idmovie`, `genre_idgenre`) VALUES (7, 1);
INSERT INTO `KinoCourse`.`movie_genre` (`movie_idmovie`, `genre_idgenre`) VALUES (7, 5);
INSERT INTO `KinoCourse`.`movie_genre` (`movie_idmovie`, `genre_idgenre`) VALUES (8, 4);
INSERT INTO `KinoCourse`.`movie_genre` (`movie_idmovie`, `genre_idgenre`) VALUES (9, 3);
INSERT INTO `KinoCourse`.`movie_genre` (`movie_idmovie`, `genre_idgenre`) VALUES (10, 2);
INSERT INTO `KinoCourse`.`movie_genre` (`movie_idmovie`, `genre_idgenre`) VALUES (10, 3);
INSERT INTO `KinoCourse`.`movie_genre` (`movie_idmovie`, `genre_idgenre`) VALUES (10, 4);
INSERT INTO `KinoCourse`.`movie_genre` (`movie_idmovie`, `genre_idgenre`) VALUES (11, 3);
INSERT INTO `KinoCourse`.`movie_genre` (`movie_idmovie`, `genre_idgenre`) VALUES (11, 5);
INSERT INTO `KinoCourse`.`movie_genre` (`movie_idmovie`, `genre_idgenre`) VALUES (12, 4);
INSERT INTO `KinoCourse`.`movie_genre` (`movie_idmovie`, `genre_idgenre`) VALUES (12, 8);
INSERT INTO `KinoCourse`.`movie_genre` (`movie_idmovie`, `genre_idgenre`) VALUES (12, 6);
INSERT INTO `KinoCourse`.`movie_genre` (`movie_idmovie`, `genre_idgenre`) VALUES (13, 7);
INSERT INTO `KinoCourse`.`movie_genre` (`movie_idmovie`, `genre_idgenre`) VALUES (13, 3);
INSERT INTO `KinoCourse`.`movie_genre` (`movie_idmovie`, `genre_idgenre`) VALUES (13, 5);
INSERT INTO `KinoCourse`.`movie_genre` (`movie_idmovie`, `genre_idgenre`) VALUES (14, 1);
INSERT INTO `KinoCourse`.`movie_genre` (`movie_idmovie`, `genre_idgenre`) VALUES (14, 4);
INSERT INTO `KinoCourse`.`movie_genre` (`movie_idmovie`, `genre_idgenre`) VALUES (15, 4);
INSERT INTO `KinoCourse`.`movie_genre` (`movie_idmovie`, `genre_idgenre`) VALUES (16, 7);
INSERT INTO `KinoCourse`.`movie_genre` (`movie_idmovie`, `genre_idgenre`) VALUES (16, 8);
INSERT INTO `KinoCourse`.`movie_genre` (`movie_idmovie`, `genre_idgenre`) VALUES (16, 3);
INSERT INTO `KinoCourse`.`movie_genre` (`movie_idmovie`, `genre_idgenre`) VALUES (17, 1);
INSERT INTO `KinoCourse`.`movie_genre` (`movie_idmovie`, `genre_idgenre`) VALUES (17, 5);
INSERT INTO `KinoCourse`.`movie_genre` (`movie_idmovie`, `genre_idgenre`) VALUES (18, 8);
INSERT INTO `KinoCourse`.`movie_genre` (`movie_idmovie`, `genre_idgenre`) VALUES (18, 4);
INSERT INTO `KinoCourse`.`movie_genre` (`movie_idmovie`, `genre_idgenre`) VALUES (18, 6);
INSERT INTO `KinoCourse`.`movie_genre` (`movie_idmovie`, `genre_idgenre`) VALUES (19, 1);
INSERT INTO `KinoCourse`.`movie_genre` (`movie_idmovie`, `genre_idgenre`) VALUES (19, 6);
INSERT INTO `KinoCourse`.`movie_genre` (`movie_idmovie`, `genre_idgenre`) VALUES (19, 8);
INSERT INTO `KinoCourse`.`movie_genre` (`movie_idmovie`, `genre_idgenre`) VALUES (20, 1);
INSERT INTO `KinoCourse`.`movie_genre` (`movie_idmovie`, `genre_idgenre`) VALUES (20, 2);
INSERT INTO `KinoCourse`.`movie_genre` (`movie_idmovie`, `genre_idgenre`) VALUES (20, 4);

COMMIT;

