-- MySQL Script generated by MySQL Workbench
-- Fri Jun  2 20:02:12 2023
-- Model: New Model    Version: 1.0
-- MySQL Workbench Forward Engineering

SET @OLD_UNIQUE_CHECKS=@@UNIQUE_CHECKS, UNIQUE_CHECKS=0;
SET @OLD_FOREIGN_KEY_CHECKS=@@FOREIGN_KEY_CHECKS, FOREIGN_KEY_CHECKS=0;
SET @OLD_SQL_MODE=@@SQL_MODE, SQL_MODE='ONLY_FULL_GROUP_BY,STRICT_TRANS_TABLES,NO_ZERO_IN_DATE,NO_ZERO_DATE,ERROR_FOR_DIVISION_BY_ZERO,NO_ENGINE_SUBSTITUTION';

-- -----------------------------------------------------
-- Schema KinoCourse
-- -----------------------------------------------------

-- -----------------------------------------------------
-- Schema KinoCourse
-- -----------------------------------------------------
CREATE SCHEMA IF NOT EXISTS `kinobot` DEFAULT CHARACTER SET utf8 ;
-- -----------------------------------------------------
-- Schema bot
-- -----------------------------------------------------

-- -----------------------------------------------------
-- Schema bot
-- -----------------------------------------------------
CREATE SCHEMA IF NOT EXISTS `kinobot` DEFAULT CHARACTER SET utf8mb3 ;
USE `kinobot` ;

-- -----------------------------------------------------
-- Table `KinoCourse`.`movie`
-- -----------------------------------------------------
CREATE TABLE IF NOT EXISTS `kinobot`.`movie` (
  `idmovie` INT NOT NULL AUTO_INCREMENT,
  `title` VARCHAR(45) NOT NULL,
  `description` MEDIUMTEXT NOT NULL,
  `runtime` TIME NOT NULL,
  `genre` VARCHAR(45) NULL,
  `country` VARCHAR(45) NULL,
  PRIMARY KEY (`idmovie`))
ENGINE = InnoDB;


-- -----------------------------------------------------
-- Table `KinoCourse`.`actor`
-- -----------------------------------------------------
CREATE TABLE IF NOT EXISTS `kinobot`.`actor` (
  `idactor` INT NOT NULL,
  `name` VARCHAR(45) NOT NULL,
  `facts` LONGTEXT NULL,
  `biography` LONGTEXT NULL,
  PRIMARY KEY (`idactor`))
ENGINE = InnoDB;


-- -----------------------------------------------------
-- Table `KinoCourse`.`movie_cast`
-- -----------------------------------------------------
CREATE TABLE IF NOT EXISTS `kinobot`.`movie_cast` (
  `movie_idmovie` INT NOT NULL,
  `actor_idactor` INT NOT NULL,
  PRIMARY KEY (`movie_idmovie`, `actor_idactor`),
  INDEX `fk_movie_cast_movie1_idx` (`movie_idmovie` ASC) VISIBLE,
  INDEX `fk_movie_cast_person1_idx` (`actor_idactor` ASC) VISIBLE,
  CONSTRAINT `fk_movie_cast_movie1`
    FOREIGN KEY (`movie_idmovie`)
    REFERENCES `kinobot`.`movie` (`idmovie`)
    ON DELETE NO ACTION
    ON UPDATE NO ACTION,
  CONSTRAINT `fk_movie_cast_person1`
    FOREIGN KEY (`actor_idactor`)
    REFERENCES `kinobot`.`actor` (`idactor`)
    ON DELETE NO ACTION
    ON UPDATE NO ACTION)
ENGINE = InnoDB;


-- -----------------------------------------------------
-- Table `KinoCourse`.`user`
-- -----------------------------------------------------
CREATE TABLE IF NOT EXISTS `kinobot`.`user` (
  `iduser` INT NOT NULL AUTO_INCREMENT,
  `type` VARCHAR(45) NULL,
  `country` VARCHAR(45) NULL,
  `genre` VARCHAR(45) NULL,
  `actor` VARCHAR(45) NULL,
  PRIMARY KEY (`iduser`))
ENGINE = InnoDB;

USE `bot` ;

-- -----------------------------------------------------
-- Table `bot`.`actor`
-- -----------------------------------------------------
CREATE TABLE IF NOT EXISTS `kinobot`.`actor` (
  `idactor` INT NOT NULL,
  `name` VARCHAR(45) NOT NULL,
  `photo` LONGBLOB NULL DEFAULT NULL,
  `facts` LONGTEXT NULL DEFAULT NULL,
  `biography` LONGTEXT NULL DEFAULT NULL,
  PRIMARY KEY (`idactor`))
ENGINE = InnoDB
DEFAULT CHARACTER SET = utf8mb3;


-- -----------------------------------------------------
-- Table `bot`.`movie`
-- -----------------------------------------------------
CREATE TABLE IF NOT EXISTS `kinobot`.`movie` (
  `idmovie` INT NOT NULL AUTO_INCREMENT,
  `title` VARCHAR(45) NOT NULL,
  `description` MEDIUMTEXT NOT NULL,
  `runtime` TIME NOT NULL,
  `genre` VARCHAR(45) NULL DEFAULT NULL,
  `country` VARCHAR(45) NULL DEFAULT NULL,
  PRIMARY KEY (`idmovie`))
ENGINE = InnoDB
AUTO_INCREMENT = 21
DEFAULT CHARACTER SET = utf8mb3;


-- -----------------------------------------------------
-- Table `bot`.`movie_cast`
-- -----------------------------------------------------
CREATE TABLE IF NOT EXISTS `kinobot`.`movie_cast` (
  `movie_idmovie` INT NOT NULL,
  `actor_idactor` INT NOT NULL,
  PRIMARY KEY (`movie_idmovie`, `actor_idactor`),
  INDEX `fk_movie_cast_movie1_idx` (`movie_idmovie` ASC) VISIBLE,
  INDEX `fk_movie_cast_person1_idx` (`actor_idactor` ASC) VISIBLE,
  CONSTRAINT `fk_movie_cast_movie1`
    FOREIGN KEY (`movie_idmovie`)
    REFERENCES `bot`.`movie` (`idmovie`),
  CONSTRAINT `fk_movie_cast_person1`
    FOREIGN KEY (`actor_idactor`)
    REFERENCES `bot`.`actor` (`idactor`))
ENGINE = InnoDB
DEFAULT CHARACTER SET = utf8mb3;


-- -----------------------------------------------------
-- Table `bot`.`user`
-- -----------------------------------------------------
CREATE TABLE IF NOT EXISTS `kinobot`.`user` (
  `iduser` INT NOT NULL AUTO_INCREMENT,
  `type` VARCHAR(45) NULL DEFAULT NULL,
  `country` VARCHAR(45) NULL DEFAULT NULL,
  `genre` VARCHAR(45) NULL DEFAULT NULL,
  `actor` VARCHAR(45) NULL DEFAULT NULL,
  `state` TINYINT NULL DEFAULT 0,
  PRIMARY KEY (`iduser`))
ENGINE = InnoDB
DEFAULT CHARACTER SET = utf8mb3;


SET SQL_MODE=@OLD_SQL_MODE;
SET FOREIGN_KEY_CHECKS=@OLD_FOREIGN_KEY_CHECKS;
SET UNIQUE_CHECKS=@OLD_UNIQUE_CHECKS;

-- -----------------------------------------------------
-- Data for table `KinoCourse`.`movie`
-- -----------------------------------------------------
START TRANSACTION;
USE `kinobot`;
INSERT INTO `kinobot`.`movie` (`idmovie`, `title`, `description`, `runtime`, `genre`, `country`) VALUES (1, 'Криминальное чтиво', 'Двое бандитов Винсент Вега и Джулс Винфилд ведут философские беседы в перерывах между разборками и решением проблем с должниками криминального босса Марселласа Уоллеса. В первой истории Винсент проводит незабываемый вечер с женой Марселласа Мией. Во второй рассказывается о боксёре Бутче Кулидже, купленном Уоллесом, чтобы сдать бой. В третьей истории Винсент и Джулс по нелепой случайности попадают в неприятности.', '02:34:00', 'Криминальный', 'США');
INSERT INTO `kinobot`.`movie` (`idmovie`, `title`, `description`, `runtime`, `genre`, `country`) VALUES (2, 'Титаник', 'В первом и последнем плавании шикарного «Титаника» встречаются двое. Пассажир нижней палубы Джек выиграл билет в карты, а богатая наследница Роза отправляется в Америку, чтобы выйти замуж по расчёту. Чувства молодых людей только успевают расцвести, и даже не классовые различия создадут испытания влюблённым, а айсберг, вставший на пути считавшегося непотопляемым лайнера.', '03:14:00', 'Драма', 'США');
INSERT INTO `kinobot`.`movie` (`idmovie`, `title`, `description`, `runtime`, `genre`, `country`) VALUES (3, 'Мы из будущего', 'Действие картины разворачивается в двух временных пластах: в наши дни и в годы войны, во время тяжелых оборонительных боев августа 1942-го. Главные герои ленты – четверо «черных следопытов» (людей этой сомнительной профессии называют также «черными копателями») – Борман, Череп, Чуха и Спирт. Они ведут раскопки в тех местах, где когда-то шли бои, чтобы потом продать найденные медали, ордена, документы и немецкое оружие. Дело это выгодное, но опасное. Однажды на месте раскопок начинает происходить нечто странное: в найденных солдатских книжках, принадлежавших погибшим солдатам Красной армии, вдруг обнаруживаются фотографии самих «следопытов»...', '01:55:00', 'Фантастика', 'Россия');
INSERT INTO `kinobot`.`movie` (`idmovie`, `title`, `description`, `runtime`, `genre`, `country`) VALUES (4, 'Т-34', 'В ноябре 1941 года в деревне Нефёдовка вчерашний курсант Николай Ивушкин был вынужден принять командование единственным уцелевшим танком и вступить в неравное противостояние с немецкой танковой ротой, приближавшейся к Москве. Силами противника командовал опытный гауптман Клаус Ягер, но это не спасло его подразделение от поражения, хоть самому ему и удалось ранить нашего курсанта. Летом 1944 года уже пытавшийся совершить несколько побегов Ивушкин попадет в концлагерь в Тюрингии. Там же оказывается и его «старый знакомый» Ягер, который решает использовать навыки Николая для тренировки немецких кадетов.', '02:19:00', 'Военный', 'Россия');
INSERT INTO `kinobot`.`movie` (`idmovie`, `title`, `description`, `runtime`, `genre`, `country`) VALUES (5, 'Матрица', 'Жизнь Томаса Андерсона разделена на две части: днём он — самый обычный офисный работник, получающий нагоняи от начальства, а ночью превращается в хакера по имени Нео, и нет места в сети, куда он бы не смог проникнуть. Но однажды всё меняется. Томас узнаёт ужасающую правду о реальности. ', '02:16:00', 'Фантастика', 'США');
INSERT INTO `kinobot`.`movie` (`idmovie`, `title`, `description`, `runtime`, `genre`, `country`) VALUES (6, 'Властелин колец: Братство кольца', 'Сказания о Средиземье — это хроника Великой войны за Кольцо, длившейся не одну тысячу лет. Тот, кто владел Кольцом, получал неограниченную власть, но был обязан служить злу. Тихая деревня, где живут хоббиты. Придя на 111-й день рождения к своему старому другу Бильбо Бэггинсу, волшебник Гэндальф начинает вести разговор о кольце, которое Бильбо нашел много лет назад. Это кольцо принадлежало когда-то темному властителю Средиземья Саурону, и оно дает большую власть своему обладателю. Теперь Саурон хочет вернуть себе власть над Средиземьем. Бильбо отдает Кольцо племяннику Фродо, чтобы тот отнёс его к Роковой Горе и уничтожил.', '02:58:00', 'Фэнтези', 'Новая Зеландия');
INSERT INTO `kinobot`.`movie` (`idmovie`, `title`, `description`, `runtime`, `genre`, `country`) VALUES (7, 'Форсаж', 'Его зовут Брайан, и он — фанат турбин и нитроускорителей. Он пытается попасть в автобанду легендарного Доминика Торетто, чемпиона опасных и незаконных уличных гонок. Брайан также полицейский, и его задание — втереться в доверие к Торетто, подозреваемому в причастности к дерзким грабежам грузовиков, совершаемым прямо на ходу.', '01:46:00', 'Боевик', 'США');
INSERT INTO `kinobot`.`movie` (`idmovie`, `title`, `description`, `runtime`, `genre`, `country`) VALUES (8, 'Холоп', '27-летний московский мажор Григорий ошалел от безнаказанности. Богатый папа стабильно его отмазывает, да так, что уже обновил автопарк и оборудование отделению полиции, где служит начальником его друг. После очередной выходки терпение отца иссякает, и он обращается к психологу, практикующему шоковые методы воздействия на пациентов. Вскоре сынуля попадает в аварию и приходит в себя на деревенской конюшне. На дворе — Россия 1860 года, а сам он — бесправный конюх Гришка, которому за любую провинность и ослушание всегда готовы всыпать плетей, а то и вздёрнуть на глазах у всего честного народа.', '01:49:00', 'Комедия', 'Россия');
INSERT INTO `kinobot`.`movie` (`idmovie`, `title`, `description`, `runtime`, `genre`, `country`) VALUES (9, 'Побег из Шоушенка', 'Бухгалтер Энди Дюфрейн обвинён в убийстве собственной жены и её любовника. Оказавшись в тюрьме под названием Шоушенк, он сталкивается с жестокостью и беззаконием, царящими по обе стороны решётки. Каждый, кто попадает в эти стены, становится их рабом до конца жизни. Но Энди, обладающий живым умом и доброй душой, находит подход как к заключённым, так и к охранникам, добиваясь их особого к себе расположения.', '02:22:00', 'Драма', 'США');
INSERT INTO `kinobot`.`movie` (`idmovie`, `title`, `description`, `runtime`, `genre`, `country`) VALUES (10, 'Форрест Гамп', 'Сидя на автобусной остановке, Форрест Гамп — не очень умный, но добрый и открытый парень — рассказывает случайным встречным историю своей необыкновенной жизни. С самого малолетства парень страдал от заболевания ног, соседские мальчишки дразнили его, но в один прекрасный день Форрест открыл в себе невероятные способности к бегу. Подруга детства Дженни всегда его поддерживала и защищала, но вскоре дороги их разошлись.', '02:22:00', 'Драма', 'США');
INSERT INTO `kinobot`.`movie` (`idmovie`, `title`, `description`, `runtime`, `genre`, `country`) VALUES (11, 'Бойцовский клуб', 'Сотрудник страховой компании страдает хронической бессонницей и отчаянно пытается вырваться из мучительно скучной жизни. Однажды в очередной командировке он встречает некоего Тайлера Дёрдена — харизматического торговца мылом с извращенной философией. Тайлер уверен, что самосовершенствование — удел слабых, а единственное, ради чего стоит жить, — саморазрушение. Проходит немного времени, и вот уже новые друзья лупят друг друга почем зря на стоянке перед баром, и очищающий мордобой доставляет им высшее блаженство. Приобщая других мужчин к простым радостям физической жестокости, они основывают тайный Бойцовский клуб, который начинает пользоваться невероятной популярностью.', '02:19:00', 'Криминальный', 'США');
INSERT INTO `kinobot`.`movie` (`idmovie`, `title`, `description`, `runtime`, `genre`, `country`) VALUES (12, 'Последний богатырь', 'Победитель 5-го сезона «Битвы магов» белый маг Святозар, а на самом деле — обычный парень Иван, привычно пудрит мозги телезрителям и доверчивым клиентам, готовым поверить во что угодно. Однажды, спасаясь бегством от крепких охранников мужа очередной одураченной им домохозяйки, парень внезапно переносится из Москвы в сказочную страну Белогорье. А встреченный там старец объявляет Ивану, что тот — сын Ильи Муромца, и только он может их спасти. Так наш «белый маг» оказывается в эпицентре противостояния волшебных сил добра и зла, вот только сам парень уверен, что он тут совершенно ни при чём, и всё это — какая-то нелепая ошибка.', '01:56:00', 'Фэнтези', 'Россия');
INSERT INTO `kinobot`.`movie` (`idmovie`, `title`, `description`, `runtime`, `genre`, `country`) VALUES (13, 'Кто я', 'Бенджамин – молодой компьютерный гений. С детства он мечтает стать супергероем из комиксов и покорить мир. Но в реальном мире он - никто. Его жизнь неожиданно меняется, когда он встречает свою полную противоположность – харизматичного Макса. Не желая жить в жёстких рамках системы, они совершают череду дерзких кибер-преступлений. Восстав против равнодушного общества, они становятся кумирами для целого поколения. Теперь Бенджамин - не просто супергерой, он – самый разыскиваемый хакер в мире. Но что его ждёт после погружения в альтернативную реальность? Кто же он на самом деле?. ', '01:42:00', 'Криминальный', 'Германия');
INSERT INTO `kinobot`.`movie` (`idmovie`, `title`, `description`, `runtime`, `genre`, `country`) VALUES (14, 'Быстрее пули', 'Наёмник под кодовым именем Божья Коровка отправляется на новую миссию: вместо заболевшего коллеги он должен сесть в скоростной поезд Токио — Киото, выкрасть чемоданчик и сойти на промежуточной станции. Но выполнение простого задания сильно осложняется, когда выясняется, что состав просто кишит всевозможными киллерами. ', '02:06:00', 'Боевик', 'США');
INSERT INTO `kinobot`.`movie` (`idmovie`, `title`, `description`, `runtime`, `genre`, `country`) VALUES (15, 'Ёлки', 'Новогодние события происходят в 11 городах: Калининграде, Казани, Перми, Уфе, Бавлах, Екатеринбурге, Красноярске, Якутске, Новосибирске, Санкт-Петербурге и Москве. Герои фильма — таксист и поп-дива, бизнесмен и актер, сноубордист и лыжник, студент и пенсионерка, пожарный и директриса, вор и милиционер, гастарбайтер и президент России. Все они оказываются в самый канун Нового года в очень непростой ситуации, выйти из которой им поможет только чудо… или Теория шести рукопожатий, согласно которой каждый человек на земле знает другого через шесть знакомых.', '01:30:00', 'Комедия', 'Россия');
INSERT INTO `kinobot`.`movie` (`idmovie`, `title`, `description`, `runtime`, `genre`, `country`) VALUES (16, 'Короче', 'Фантастическая история о неожиданном решении проблемы перенаселения планеты: норвежские ученые придумывают технологию по уменьшению людей, благодаря которой через 200 лет весь мир можно сделать миниатюрным. К тому же мини-жизнь предлагает массу финансовых выгод, так что простой парень Пол и его жена Одри, недолго думая, решают оставить свое унылое существование в Омахе и пройти процедуру уменьшения. Это их решение повлечет за собой самые удивительные последствия….', '02:15:00', 'Фантастика', 'Австралия');
INSERT INTO `kinobot`.`movie` (`idmovie`, `title`, `description`, `runtime`, `genre`, `country`) VALUES (17, 'Джон Уик', 'Джон Уик - на первый взгляд, самый обычный среднестатистический американец, который ведет спокойную мирную жизнь. Однако мало кто знает, что он был наёмным убийцей, причём одним из лучших профессионалов в своём деле. После того как сынок главы бандитской группы со своими приятелями угоняет его любимый «Мустанг» 1969 года выпуска, при этом убив его собаку Дейзи, которая была подарком недавно почившей супруги, Джон вынужден вернуться к своему прошлому. Теперь Уик начинает охоту за теми, кто имел неосторожность перейти ему дорогу, и он готов на всё, чтобы отомстить.', '01:41:00', 'Боевик', 'Китай');
INSERT INTO `kinobot`.`movie` (`idmovie`, `title`, `description`, `runtime`, `genre`, `country`) VALUES (18, 'Джуманджи', 'Случайно обнаружив настольную игру со странным названием «Джуманджи», Алан Пэрриш на глазах изумленной подружки перенёсся в джунгли. Он находился в этом мире до тех пор, пока двое ни о чем не подозревающих подростков не нашли игру и не сняли волшебные чары, освободив Алана из многолетнего плена. Теперь им предстоит решить нелегкую задачу - пройти немыслимые препятствия и одержать победу над силами магии.', '01:44:00', 'Приключение', 'США');
INSERT INTO `kinobot`.`movie` (`idmovie`, `title`, `description`, `runtime`, `genre`, `country`) VALUES (19, 'Мумия', 'На бескрайних просторах египетской пустыни компания сорвиголов разных национальностей рыщет в поисках несметных сокровищ фараона, над которыми тяготеет жуткое древнее проклятие. Рядом с кладом покоится мумия коварного жреца, жестоко казненного за ужасное убийство могущественного правителя Египта. Золотоискатели потревожили многовековой покой гробницы, и мумия встает из могилы, чтобы погрузить мир в царство кошмара.', '02:04:00', 'Приключение', 'США');
INSERT INTO `kinobot`.`movie` (`idmovie`, `title`, `description`, `runtime`, `genre`, `country`) VALUES (20, 'Солдаты неудачи', 'Камера. Мотор. Начали! В реальных джунглях проходят съемки суперблокбастера с участием больших звезд, среди которых: крутой герой боевиков, мастер туалетного юмора, чернокожий рэпер Альпа Чино и обладатель всех кинопремий, специально для фильма перекрасивший кожу в черный цвет. Когда у продюсеров закончились деньги и съемки были остановлены – актерам про это не сказали. Поэтому они с холостыми патронами с легкостью вступают в неравный бой с настоящими вооруженными до зубов бандитами-головорезами.', '02:01:00', 'Комедия', 'США');

COMMIT;


-- -----------------------------------------------------
-- Data for table `KinoCourse`.`actor`
-- -----------------------------------------------------
START TRANSACTION;
USE `kinobot`;
INSERT INTO `kinobot`.`actor` (`idactor`, `name`, `facts`, `biography`) VALUES (1, 'Джон Траволта', 'Не все работы актера считались удачными. Настоящим провалом стало участие Траволты в киноленте «Поле битвы: Земля», где он выступил в качестве продюсера и исполнителя главной роли. Эта экранизация романа Рона Хаббарда (основателя сайентологи) была признанной худшей сразу в нескольких номинациях и получила 7 анти-премий «Золотая малина». В 2010 году эту работу признали самым провальным фильмом десятилетия.', 'Американский актёр, танцор и певец, лауреат премий «Золотой глобус» и «Эмми». Траволта впервые прославился в 1970-х после участия в кассовых картинах «Лихорадка субботнего вечера» и «Бриолин». В 1980-х его актёрская карьера испытала спад, но в 1990-е годы после фильма «Криминальное чтиво» карьера вновь пошла вверх, последовали фильмы «Без лица», «Пароль „Рыба-меч“», «Реальные кабаны», «Лак для волос» и «Из Парижа с любовью');
INSERT INTO `kinobot`.`actor` (`idactor`, `name`, `facts`, `biography`) VALUES (2, 'Сэмюэл Л. Джексон', NULL, NULL);
INSERT INTO `kinobot`.`actor` (`idactor`, `name`, `facts`, `biography`) VALUES (3, 'Брюс Уиллис', NULL, NULL);
INSERT INTO `kinobot`.`actor` (`idactor`, `name`, `facts`, `biography`) VALUES (4, 'Ума Турман', NULL, NULL);
INSERT INTO `kinobot`.`actor` (`idactor`, `name`, `facts`, `biography`) VALUES (5, 'Винг Реймз', NULL, NULL);
INSERT INTO `kinobot`.`actor` (`idactor`, `name`, `facts`, `biography`) VALUES (6, 'Тим Рот', NULL, NULL);
INSERT INTO `kinobot`.`actor` (`idactor`, `name`, `facts`, `biography`) VALUES (7, 'Квентин Тарантино', NULL, NULL);
INSERT INTO `kinobot`.`actor` (`idactor`, `name`, `facts`, `biography`) VALUES (8, 'Леонардо ДиКаприо', 'В 2006 году у Леонардо Ди Каприо состоялась близкая и опасная встреча с белой акулой. Во время занятий кейдж-дайвингом в акватории Кейптауна (Южная Африка) к Лео в клетку неожиданно ворвалась большая белая акула, которая обычно не обращает внимания на ныряльщиков. По словам актёра, 6-метровая хищница пролезла в клетку почти наполовину и клацала зубами на расстоянии вытянутой руки. К счастью, Лео удалось удержать достаточную дистанцию, погрузившись на дно клетки и постаравшись лежать ровно, что его и спасло. Дайверы, ставшие свидетелями этой сцены, сказали, что за 30 лет не видели ничего подобного. Актёр не получил ни единой царапины.', 'Американский актёр и продюсер. Лауреат премии «Оскар», трёхкратный лауреат премии «Золотой глобус», лауреат премии BAFTA, обладатель «Серебряного медведя» Берлинского кинофестиваля.  Родился: 11 ноября 1974 г. (48 лет), г. Лос-Анджелес, Калифорния');
INSERT INTO `kinobot`.`actor` (`idactor`, `name`, `facts`, `biography`) VALUES (9, 'Кейт Уинслет', NULL, NULL);
INSERT INTO `kinobot`.`actor` (`idactor`, `name`, `facts`, `biography`) VALUES (10, 'Билли Зейн', NULL, NULL);
INSERT INTO `kinobot`.`actor` (`idactor`, `name`, `facts`, `biography`) VALUES (11, 'Кэти Бейтс', NULL, NULL);
INSERT INTO `kinobot`.`actor` (`idactor`, `name`, `facts`, `biography`) VALUES (12, 'Фрэнсис Фишер', NULL, NULL);
INSERT INTO `kinobot`.`actor` (`idactor`, `name`, `facts`, `biography`) VALUES (13, 'Глория Стюарт', NULL, NULL);
INSERT INTO `kinobot`.`actor` (`idactor`, `name`, `facts`, `biography`) VALUES (14, 'Данила Козловский', 'В детстве актёр совсем не отличался примерным поведением. Вместе с братьями — старшим, Егором, и младшим, Иваном, — он был не прочь пошалить, причём шалости эти граничили с хулиганством. Именно по этой причине Даниле пришлось сменить несколько школ: мальчика неоднократно отчисляли за плохое поведение.', 'Российский актёр театра и кино, кинорежиссёр, продюсер, сценарист; заслуженный артист Российской Федерации. Двукратный лауреат кинопремий «Золотой орёл» и «Ника», а также театральной премии «Золотая маска»  Родился: 3 мая 1985 г. (38 лет), Москва, РСФСР/СССР');
INSERT INTO `kinobot`.`actor` (`idactor`, `name`, `facts`, `biography`) VALUES (15, 'Дмитрий Волкострелов', NULL, NULL);
INSERT INTO `kinobot`.`actor` (`idactor`, `name`, `facts`, `biography`) VALUES (16, 'Владимир Яглыч', NULL, NULL);
INSERT INTO `kinobot`.`actor` (`idactor`, `name`, `facts`, `biography`) VALUES (17, 'Андрей Терентьев', NULL, NULL);
INSERT INTO `kinobot`.`actor` (`idactor`, `name`, `facts`, `biography`) VALUES (18, 'Екатерина Климова', NULL, NULL);
INSERT INTO `kinobot`.`actor` (`idactor`, `name`, `facts`, `biography`) VALUES (19, 'Борис Галкин', NULL, NULL);
INSERT INTO `kinobot`.`actor` (`idactor`, `name`, `facts`, `biography`) VALUES (20, 'Даниил Страхов', NULL, NULL);
INSERT INTO `kinobot`.`actor` (`idactor`, `name`, `facts`, `biography`) VALUES (21, 'Сергей Маховиков', NULL, NULL);
INSERT INTO `kinobot`.`actor` (`idactor`, `name`, `facts`, `biography`) VALUES (22, 'Александр Петров', 'Александр мечтал стать футболистом и долгое время увлекался этим видом спорта, но мечты рассыпались как карточный домик из-за трагической случайности. Во время летней практики в школе на него обрушилась гора кирпичей. Из-за сильного сотрясения мозга врачи запретили Саше заниматься активными видами спорта.', 'Российский актёр театра и кино. Двукратный лауреат премии «Золотой орёл»: за «Лучшую мужскую роль в кино» и «Лучшую мужскую роль на телевидении». Родился: 25 января 1989 г. (34 года), Переславль-Залесский, Ярославская область, РСФСР, СССР');
INSERT INTO `kinobot`.`actor` (`idactor`, `name`, `facts`, `biography`) VALUES (23, 'Виктор Добронравов', NULL, NULL);
INSERT INTO `kinobot`.`actor` (`idactor`, `name`, `facts`, `biography`) VALUES (24, 'Ирина Старшенбаум', NULL, NULL);
INSERT INTO `kinobot`.`actor` (`idactor`, `name`, `facts`, `biography`) VALUES (25, 'Винценц Кифер', NULL, NULL);
INSERT INTO `kinobot`.`actor` (`idactor`, `name`, `facts`, `biography`) VALUES (26, 'Пётр Скворцов', NULL, NULL);
INSERT INTO `kinobot`.`actor` (`idactor`, `name`, `facts`, `biography`) VALUES (27, 'Семён Трескунов', NULL, NULL);
INSERT INTO `kinobot`.`actor` (`idactor`, `name`, `facts`, `biography`) VALUES (28, 'Антон Богданов', NULL, NULL);
INSERT INTO `kinobot`.`actor` (`idactor`, `name`, `facts`, `biography`) VALUES (29, 'Василий Уриевский', NULL, NULL);
INSERT INTO `kinobot`.`actor` (`idactor`, `name`, `facts`, `biography`) VALUES (30, 'Киану Ривз', 'В 2018 году в прокат вышел фильм «Профессионал» с Киану в главной роли. Действие ленты разворачивалось в России (часть съёмок проходила в Санкт-Петербурге), поэтому у актёра было достаточно времени, чтобы познакомиться со страной и её жителями.', 'Канадский актёр, кинорежиссёр, кинопродюсер и музыкант. Наиболее известен своими ролями в киносериях «Билл и Тед», «Матрица» и «Джон Уик», а также в фильмах «На гребне волны», «Мой личный штат Айдахо», «Дракула», «Скорость», «Джонни-мнемоник», «Адвокат дьявола», «Константин: Повелитель тьмы», «Короли улиц» и «47 ронинов»  Родился: 2 сентября 1964 г. (58 лет), Бейрут, Ливан');
INSERT INTO `kinobot`.`actor` (`idactor`, `name`, `facts`, `biography`) VALUES (31, 'Лоренс Фишбёрн', NULL, NULL);
INSERT INTO `kinobot`.`actor` (`idactor`, `name`, `facts`, `biography`) VALUES (32, 'Кэрри-Энн Мосс', NULL, NULL);
INSERT INTO `kinobot`.`actor` (`idactor`, `name`, `facts`, `biography`) VALUES (33, 'Хьюго Уивинг', NULL, NULL);
INSERT INTO `kinobot`.`actor` (`idactor`, `name`, `facts`, `biography`) VALUES (34, 'Глория Фостер', NULL, NULL);
INSERT INTO `kinobot`.`actor` (`idactor`, `name`, `facts`, `biography`) VALUES (35, 'Джо Пантольяно', NULL, NULL);
INSERT INTO `kinobot`.`actor` (`idactor`, `name`, `facts`, `biography`) VALUES (36, 'Маркус Чонг', NULL, NULL);
INSERT INTO `kinobot`.`actor` (`idactor`, `name`, `facts`, `biography`) VALUES (37, 'Элайджа Вуд', 'Он не поклонник Годзиллы', 'Американский актёр. Наиболее известен по роли Фродо Бэггинса в трилогии «Властелин колец». Родился: 28 января 1981 г. (42 года), Сидар-Рапидс, Айова, США');
INSERT INTO `kinobot`.`actor` (`idactor`, `name`, `facts`, `biography`) VALUES (38, 'Иэн Маккеллен', NULL, NULL);
INSERT INTO `kinobot`.`actor` (`idactor`, `name`, `facts`, `biography`) VALUES (39, 'Шон Эстин', NULL, NULL);
INSERT INTO `kinobot`.`actor` (`idactor`, `name`, `facts`, `biography`) VALUES (40, 'Вигго Мортенсен', NULL, NULL);
INSERT INTO `kinobot`.`actor` (`idactor`, `name`, `facts`, `biography`) VALUES (41, 'Билли Бойд', NULL, NULL);
INSERT INTO `kinobot`.`actor` (`idactor`, `name`, `facts`, `biography`) VALUES (42, 'Доминик Монахэн', NULL, NULL);
INSERT INTO `kinobot`.`actor` (`idactor`, `name`, `facts`, `biography`) VALUES (43, 'Джон Рис-Дэвис', NULL, NULL);
INSERT INTO `kinobot`.`actor` (`idactor`, `name`, `facts`, `biography`) VALUES (44, 'Орландо Блум', NULL, NULL);
INSERT INTO `kinobot`.`actor` (`idactor`, `name`, `facts`, `biography`) VALUES (45, 'Шон Бин', NULL, NULL);
INSERT INTO `kinobot`.`actor` (`idactor`, `name`, `facts`, `biography`) VALUES (46, 'Пол Уокер', 'Парень обожал морскую биологию. Это увлечение стало одним из наиболее значимых в его жизни. Он являлся почитателем творчества Жака Ива Кусто, любил изучать книги подобной тематики и наблюдать за жизнью морских жителей. Американец стал членом фонда защиты исчезающих видов рыб и участвовал в съемках документальных кинолент об акулах.', 'Американский киноактёр и модель. Широкую известность получил благодаря роли Брайана О’Коннора в серии фильмов «Форсаж».  Родился: 12 сентября 1973 г., Глендейл, Калифорния, США');
INSERT INTO `kinobot`.`actor` (`idactor`, `name`, `facts`, `biography`) VALUES (47, 'Вин Дизель', NULL, NULL);
INSERT INTO `kinobot`.`actor` (`idactor`, `name`, `facts`, `biography`) VALUES (48, 'Мишель Родригес', NULL, NULL);
INSERT INTO `kinobot`.`actor` (`idactor`, `name`, `facts`, `biography`) VALUES (49, 'Джордана Брюстер', NULL, NULL);
INSERT INTO `kinobot`.`actor` (`idactor`, `name`, `facts`, `biography`) VALUES (50, 'Мэтт Шульце', NULL, NULL);
INSERT INTO `kinobot`.`actor` (`idactor`, `name`, `facts`, `biography`) VALUES (51, 'Рик Юн', NULL, NULL);
INSERT INTO `kinobot`.`actor` (`idactor`, `name`, `facts`, `biography`) VALUES (52, 'Чэд Линдберг', NULL, NULL);
INSERT INTO `kinobot`.`actor` (`idactor`, `name`, `facts`, `biography`) VALUES (53, 'Джонни Стронг', NULL, NULL);
INSERT INTO `kinobot`.`actor` (`idactor`, `name`, `facts`, `biography`) VALUES (54, 'Милош Бикович', 'Сегодня Милош Бикович на родине — суперзвезда и гарант кассовых сборов. В 2018 году вышел балканский вариант «Форсажа» под названием «Южный ветер», где он сыграл угонщика автомобилей. Фильм стал самой кассовой сербской картиной, обогнав голливудские хиты.', 'Ми́лош Би́кович (серб. Милош Биковић; род. 13 января 1988, Белград, СФРЮ) — сербский и российский актёр театра и кино. Родился 13 января 1988 года в Белграде. Первую работу получил в 13 лет — стал ведущим на детском телевидении. Окончил Белградский университет искусств (факультет драматического искусства). . Актёр Белградского драматического театра. Играет также в Национальном театре Белграда.');
INSERT INTO `kinobot`.`actor` (`idactor`, `name`, `facts`, `biography`) VALUES (55, 'Александра Бортич', NULL, NULL);
INSERT INTO `kinobot`.`actor` (`idactor`, `name`, `facts`, `biography`) VALUES (56, 'Александр Самойленко', NULL, NULL);
INSERT INTO `kinobot`.`actor` (`idactor`, `name`, `facts`, `biography`) VALUES (57, 'Иван Охлобыстин', NULL, NULL);
INSERT INTO `kinobot`.`actor` (`idactor`, `name`, `facts`, `biography`) VALUES (58, 'Тим Роббинс', 'В 1995 году Тим Роббинс открыл собственную киностудию и попробовал себя в качестве кинорежиссера. Так его картина \"Мертвец идет\", где главную роль исполнил Шон Пенн, в 1995 г была номинирована на премию \"Оскар\". Однако, Тим не забросил актерскую карьеру и продолжал сниматься в кино. Он снялся в популярных проектах \"Нечего терять\", \"Фанатик\" и др.', 'Американский актёр кино и телевидения, кинорежиссёр, сценарист и кинопродюсер, получивший известность благодаря ролям в фильмах «Дархэмский бык», «Лестница Иакова», «Игрок», «Подручный Хадсакера», «Побег из Шоушенка», «Таинственная река», принёсшая ему премию «Оскар» за лучшую мужскую роль второго плана, и «Война миров». За постановку криминальной драмы «Мертвец идёт» выдвигался на «Оскар» за лучшую режиссёрскую работу в 1996 году. Родился: 16 октября 1958 г. (64 года), Уэст-Ковина, Калифорния, США');
INSERT INTO `kinobot`.`actor` (`idactor`, `name`, `facts`, `biography`) VALUES (59, 'Морган Фриман', NULL, NULL);
INSERT INTO `kinobot`.`actor` (`idactor`, `name`, `facts`, `biography`) VALUES (60, 'Боб Гантон', NULL, NULL);
INSERT INTO `kinobot`.`actor` (`idactor`, `name`, `facts`, `biography`) VALUES (61, 'Уильям Сэдлер', NULL, NULL);
INSERT INTO `kinobot`.`actor` (`idactor`, `name`, `facts`, `biography`) VALUES (62, 'Клэнси Браун', NULL, NULL);
INSERT INTO `kinobot`.`actor` (`idactor`, `name`, `facts`, `biography`) VALUES (63, 'Том Хэнкс', 'Том Хэнкс, родившийся 9 июля 1956 года, – дальний родственник президента США Авраама Линкольна, Уолта Диснея, Джорджа Клуни, телеведущего Фреда Роджерса (мистера Роджерса) и жены Билла Косби – Камиллы. На данный момент в кино он сыграл троих: Роджерса в трагикомедии «Прекрасный день по соседству» (2019), Диснея в «Спасти мистера Бэнкса» (2013), а Линкольна в документальном сериале «Свобода: История США» (2003).', 'Американский актёр, продюсер, режиссёр, сценарист и писатель. Хэнкс начинал свою актёрскую карьеру с ролей на телевидении и комедийных фильмов, прежде чем добился признания в качестве драматического актёра, и получил две премии «Оскар» в категории «Лучшая мужская роль» - за главные роли в фильмах «Филадельфия» и «Форрест Гамп», тем самым став одним из двух актёров в истории мирового кинематографа, удостоенных данной награды два года подряд.  Родился: 9 июля 1956 г. (66 лет), Конкорд, Калифорния, США');
INSERT INTO `kinobot`.`actor` (`idactor`, `name`, `facts`, `biography`) VALUES (64, 'Робин Райт', NULL, NULL);
INSERT INTO `kinobot`.`actor` (`idactor`, `name`, `facts`, `biography`) VALUES (65, 'Салли Филд', NULL, NULL);
INSERT INTO `kinobot`.`actor` (`idactor`, `name`, `facts`, `biography`) VALUES (66, 'Гэри Синиз', NULL, NULL);
INSERT INTO `kinobot`.`actor` (`idactor`, `name`, `facts`, `biography`) VALUES (67, 'Эдвард Нортон', 'Эдвард Нортон практически не снимается в блокбастерах', 'Американский актёр, режиссёр, продюсер, сценарист и активист. Лауреат премии «Золотой глобус» и трёхкратный номинант на премию «Оскар». Родился: 18 августа 1969 г. (53 года), Бостон, Массачусетс, США');
INSERT INTO `kinobot`.`actor` (`idactor`, `name`, `facts`, `biography`) VALUES (68, 'Брэд Питт', 'Брэд начал свою актерскую карьеру в 1987 году. Парню удалось сняться в нескольких сериалах и фильмах, хотя роли и были эпизодическими, его талант заметили сразу.', 'Американский актёр и кинопродюсер. Лауреат двух премий «Золотой глобус», двух премий Американской Гильдии киноактёров и двух наград Британской киноакадемии. Обладатель премии «Оскар» как один из продюсеров фильма «12 лет рабства» - победителя в категории «Лучший фильм» на церемонии 2014 года - и за лучшую мужскую роль второго плана в картине «Однажды в Голливуде». До этого пять раз номинировался на премию «Оскар».  Родился: 18 декабря 1963 г. (59 лет), Шони, Оклахома, США');
INSERT INTO `kinobot`.`actor` (`idactor`, `name`, `facts`, `biography`) VALUES (69, 'Хелена Бонем Картер', NULL, NULL);
INSERT INTO `kinobot`.`actor` (`idactor`, `name`, `facts`, `biography`) VALUES (70, 'Зэк Гренье', NULL, NULL);
INSERT INTO `kinobot`.`actor` (`idactor`, `name`, `facts`, `biography`) VALUES (71, 'Холт Маккэллани', NULL, NULL);
INSERT INTO `kinobot`.`actor` (`idactor`, `name`, `facts`, `biography`) VALUES (72, 'Джаред Лето', NULL, NULL);
INSERT INTO `kinobot`.`actor` (`idactor`, `name`, `facts`, `biography`) VALUES (73, 'Виктор Хориняк', 'Во время съемок фильма \"Последний богатырь\" перед каждым кадром артисту кричали: \"Мотор! Камера! Спина!\" Это означало, что Виктору нужно выпрямиться. Режиссер весь фильм боролся с сутулостью актера.', 'Российский актёр театра и кино. Артист Московского Художественного театра имени А. П. Чехова. Известность ему принесли роли бармена Константина в телесериалах «Кухня», «Отель Элеон» и «Гранд» и Ивана Найдёнова в трилогии «Последний богатырь».  Родился: 22 марта 1990 г. (33 года), Минусинск, Красноярский край, РСФСР, СССР');
INSERT INTO `kinobot`.`actor` (`idactor`, `name`, `facts`, `biography`) VALUES (74, 'Мила Сивацкая', NULL, NULL);
INSERT INTO `kinobot`.`actor` (`idactor`, `name`, `facts`, `biography`) VALUES (75, 'Екатерина Вилкова', NULL, NULL);
INSERT INTO `kinobot`.`actor` (`idactor`, `name`, `facts`, `biography`) VALUES (76, 'Елена Яковлева', NULL, NULL);
INSERT INTO `kinobot`.`actor` (`idactor`, `name`, `facts`, `biography`) VALUES (77, 'Константин Лавроненко', NULL, NULL);
INSERT INTO `kinobot`.`actor` (`idactor`, `name`, `facts`, `biography`) VALUES (78, 'Евгений Дятлов', NULL, NULL);
INSERT INTO `kinobot`.`actor` (`idactor`, `name`, `facts`, `biography`) VALUES (79, 'Сергей Бурунов', NULL, NULL);
INSERT INTO `kinobot`.`actor` (`idactor`, `name`, `facts`, `biography`) VALUES (80, 'Том Шиллинг', 'Шиллинг живёт в районе Берлина Пренцлауэр-Берг. Он состоит в гражданских отношениях с ассистенткой режиссёра Анни Мозебах, в начале лета 2014 года у них родился сын, а в январе 2017 года — дочь. У Шиллинга также есть внебрачный ребёнок от предыдущей подруги.', 'Том Шиллинг родился 10 февраля 1982 года в Берлине. О родителях и детстве актера прессе практически ничего неизвестно. В возрасте 12 лет началась карьера Шиллинга. Его заметил театральный режиссер и пригласил в немецкую труппу. Том участвовал в постановке «Под тенью луны». Благодаря актерской игре Том заработал достаточно денег, чтобы после получения аттестата зрелости уехать от родителей.');
INSERT INTO `kinobot`.`actor` (`idactor`, `name`, `facts`, `biography`) VALUES (81, 'Элиас М’Барек', NULL, NULL);
INSERT INTO `kinobot`.`actor` (`idactor`, `name`, `facts`, `biography`) VALUES (82, 'Вотан Вильке Мёринг', NULL, NULL);
INSERT INTO `kinobot`.`actor` (`idactor`, `name`, `facts`, `biography`) VALUES (83, 'Антуан Моно мл.', NULL, NULL);
INSERT INTO `kinobot`.`actor` (`idactor`, `name`, `facts`, `biography`) VALUES (84, 'Ханна Херцшпрунг', NULL, NULL);
INSERT INTO `kinobot`.`actor` (`idactor`, `name`, `facts`, `biography`) VALUES (85, 'Джои Кинг', NULL, NULL);
INSERT INTO `kinobot`.`actor` (`idactor`, `name`, `facts`, `biography`) VALUES (86, 'Аарон Тейлор-Джонсон', NULL, NULL);
INSERT INTO `kinobot`.`actor` (`idactor`, `name`, `facts`, `biography`) VALUES (87, 'Брайан Тайри Генри', NULL, NULL);
INSERT INTO `kinobot`.`actor` (`idactor`, `name`, `facts`, `biography`) VALUES (88, 'Эндрю Кодзи', NULL, NULL);
INSERT INTO `kinobot`.`actor` (`idactor`, `name`, `facts`, `biography`) VALUES (89, 'Хироюки Санада', NULL, NULL);
INSERT INTO `kinobot`.`actor` (`idactor`, `name`, `facts`, `biography`) VALUES (90, 'Зази Битц', NULL, NULL);
INSERT INTO `kinobot`.`actor` (`idactor`, `name`, `facts`, `biography`) VALUES (91, 'Иван Ургант', ' В 2012 году шоу “Прожекторперисхилтон” было закрыто и Иван стал ведущим «Вечернего Урганта». Шоу стало еще популярнее и переняло традицию приглашения голливудских звезд, вовлекая их в нестандартные разговоры и давая им странные задачи. Теперь его шоу имело новый для России, но невероятно популярный в США формат “Ночного шоу”. Помимо разговоров со звездами, в программе есть три десятка регулярных рубрик, периодически появляются и новые одиночные. Большую часть рубрик Иван ведет самостоятельно, зачитывая интересные новости и показывая необычные фотографии, он в интересной форме рассказывает о событиях и развлекает своих гостей.', 'Российский актёр, телеведущий, музыкант, шоумен, продюсер.  Родился: 16 апреля 1978 г. (45 лет), Санкт-Петербург, СССР');
INSERT INTO `kinobot`.`actor` (`idactor`, `name`, `facts`, `biography`) VALUES (92, 'Сергей Светлаков', NULL, NULL);
INSERT INTO `kinobot`.`actor` (`idactor`, `name`, `facts`, `biography`) VALUES (93, 'Сергей Походаев', NULL, NULL);
INSERT INTO `kinobot`.`actor` (`idactor`, `name`, `facts`, `biography`) VALUES (94, 'Алина Булынко', NULL, NULL);
INSERT INTO `kinobot`.`actor` (`idactor`, `name`, `facts`, `biography`) VALUES (95, 'Артур Смольянинов', NULL, NULL);
INSERT INTO `kinobot`.`actor` (`idactor`, `name`, `facts`, `biography`) VALUES (96, 'Мэтт Дэймон', 'Задолго до того, как они стали ведущими голливудскими артистами, Мэтт Дэймон и Бен Аффлек были простыми парнями, которые вместе росли в штате Массачусетс.', 'Американский актёр кино, телевидения и озвучивания, сценарист и продюсер. Лауреат премии «Оскар» и двух премий «Золотой глобус», а также номинант на премию BAFTA. Наиболее известные фильмы с участием Мэтта Деймона: драма «Умница Уилл Хантинг», «Спасти рядового Райана», «Догма», криминальная драма «Талантливый мистер Рипли»; три части о приключениях друзей Оушена: «Одиннадцать друзей Оушена», «Двенадцать друзей Оушена», «Тринадцать друзей Оушена»; тетралогия о Джейсоне Борне: «Идентификация Борна», «Превосходство Борна», «Ультиматум Борна» и «Джейсон Борн»; а также фильмы «Отступники», «Интерстеллар», «Марсианин» и «Ford против Ferrari».');
INSERT INTO `kinobot`.`actor` (`idactor`, `name`, `facts`, `biography`) VALUES (97, 'Кристоф Вальц', NULL, NULL);
INSERT INTO `kinobot`.`actor` (`idactor`, `name`, `facts`, `biography`) VALUES (98, 'Хонг Чау', NULL, NULL);
INSERT INTO `kinobot`.`actor` (`idactor`, `name`, `facts`, `biography`) VALUES (99, 'Кристен Уиг', NULL, NULL);
INSERT INTO `kinobot`.`actor` (`idactor`, `name`, `facts`, `biography`) VALUES (100, 'Рольф Лассгор', NULL, NULL);
INSERT INTO `kinobot`.`actor` (`idactor`, `name`, `facts`, `biography`) VALUES (101, 'Ингьерд Эгеберг', NULL, NULL);
INSERT INTO `kinobot`.`actor` (`idactor`, `name`, `facts`, `biography`) VALUES (102, 'Микаэл Нюквист', NULL, NULL);
INSERT INTO `kinobot`.`actor` (`idactor`, `name`, `facts`, `biography`) VALUES (103, 'Алфи Аллен', NULL, NULL);
INSERT INTO `kinobot`.`actor` (`idactor`, `name`, `facts`, `biography`) VALUES (104, 'Уиллем Дефо', NULL, NULL);
INSERT INTO `kinobot`.`actor` (`idactor`, `name`, `facts`, `biography`) VALUES (105, 'Дин Уинтерс', NULL, NULL);
INSERT INTO `kinobot`.`actor` (`idactor`, `name`, `facts`, `biography`) VALUES (106, 'Робин Уильямс', 'Известный по большей части благодаря своим комедийным ролям, Робин Уильямс отметился и в серьезных картинах, отражающих темные тайники человеческой души. Среди таких ролей был отталкивающий фотограф в фильме «Фото за час», автор низкопробных романов в фильме «Бессонница», ведущий ночного радиошоу в фильме «Ночной слушатель».', 'Американский актёр, сценарист, продюсер, комик. За свою актёрскую карьеру Уильямс снялся приблизительно в 1 кинокартинах.  Родился: 21 июля 1951 г., Чикаго, Иллинойс, США ');
INSERT INTO `kinobot`.`actor` (`idactor`, `name`, `facts`, `biography`) VALUES (107, 'Бонни Хант', NULL, NULL);
INSERT INTO `kinobot`.`actor` (`idactor`, `name`, `facts`, `biography`) VALUES (108, 'Кирстен Данст', NULL, NULL);
INSERT INTO `kinobot`.`actor` (`idactor`, `name`, `facts`, `biography`) VALUES (109, 'Брэдли Пирс', NULL, NULL);
INSERT INTO `kinobot`.`actor` (`idactor`, `name`, `facts`, `biography`) VALUES (110, 'Биби Ньювирт', NULL, NULL);
INSERT INTO `kinobot`.`actor` (`idactor`, `name`, `facts`, `biography`) VALUES (111, 'Брендан Фрейзер', 'Брендан питает страсть к художественной фотографии. Он не только любит фотографировать в реальной жизни, но и включает это в свои выступления, например, он делал это в сериале «Клиника».', 'Американский и канадский актёр театра, кино и телевидения, продюсер. Лауреат премий «Оскар», «Выбор критиков» и двух Премии Гильдии киноактёров США. Номинант на премии «Золотой глобус» и BAFTA. Наиболее известен по роли Рика О’Коннелла в трилогии фильмов «Мумия», а также по фильмам «Взрыв из прошлого», «Джордж из джунглей», «Ослеплённый желаниями», «Столкновение» и «Кит».');
INSERT INTO `kinobot`.`actor` (`idactor`, `name`, `facts`, `biography`) VALUES (112, 'Рэйчел Вайс', NULL, NULL);
INSERT INTO `kinobot`.`actor` (`idactor`, `name`, `facts`, `biography`) VALUES (113, 'Джон Ханна', NULL, NULL);
INSERT INTO `kinobot`.`actor` (`idactor`, `name`, `facts`, `biography`) VALUES (114, 'Джонатан Хайд', NULL, NULL);
INSERT INTO `kinobot`.`actor` (`idactor`, `name`, `facts`, `biography`) VALUES (115, 'Бен Стиллер', '27 ноября 2013V-V2', 'Американский актёр, комик, режиссёр, сценарист и продюсер.  Родился: 30 ноября 1965 г. (57 лет), Нью-Йорк, США');
INSERT INTO `kinobot`.`actor` (`idactor`, `name`, `facts`, `biography`) VALUES (116, 'Роберт Дауни мл.', NULL, NULL);
INSERT INTO `kinobot`.`actor` (`idactor`, `name`, `facts`, `biography`) VALUES (117, 'Джек Блэк', NULL, NULL);
INSERT INTO `kinobot`.`actor` (`idactor`, `name`, `facts`, `biography`) VALUES (118, 'Джей Барушель', NULL, NULL);
INSERT INTO `kinobot`.`actor` (`idactor`, `name`, `facts`, `biography`) VALUES (119, 'Брэндон Т. Джексон', NULL, NULL);
INSERT INTO `kinobot`.`actor` (`idactor`, `name`, `facts`, `biography`) VALUES (120, 'Том Круз', NULL, NULL);

COMMIT;


-- -----------------------------------------------------
-- Data for table `KinoCourse`.`movie_cast`
-- -----------------------------------------------------
START TRANSACTION;
USE `kinobot`;
INSERT INTO `kinobot`.`movie_cast` (`movie_idmovie`, `actor_idactor`) VALUES (1, 1);
INSERT INTO `kinobot`.`movie_cast` (`movie_idmovie`, `actor_idactor`) VALUES (1, 2);
INSERT INTO `kinobot`.`movie_cast` (`movie_idmovie`, `actor_idactor`) VALUES (1, 3);
INSERT INTO `kinobot`.`movie_cast` (`movie_idmovie`, `actor_idactor`) VALUES (1, 4);
INSERT INTO `kinobot`.`movie_cast` (`movie_idmovie`, `actor_idactor`) VALUES (1, 5);
INSERT INTO `kinobot`.`movie_cast` (`movie_idmovie`, `actor_idactor`) VALUES (1, 6);
INSERT INTO `kinobot`.`movie_cast` (`movie_idmovie`, `actor_idactor`) VALUES (1, 7);
INSERT INTO `kinobot`.`movie_cast` (`movie_idmovie`, `actor_idactor`) VALUES (2, 8);
INSERT INTO `kinobot`.`movie_cast` (`movie_idmovie`, `actor_idactor`) VALUES (2, 9);
INSERT INTO `kinobot`.`movie_cast` (`movie_idmovie`, `actor_idactor`) VALUES (2, 10);
INSERT INTO `kinobot`.`movie_cast` (`movie_idmovie`, `actor_idactor`) VALUES (2, 11);
INSERT INTO `kinobot`.`movie_cast` (`movie_idmovie`, `actor_idactor`) VALUES (2, 12);
INSERT INTO `kinobot`.`movie_cast` (`movie_idmovie`, `actor_idactor`) VALUES (2, 13);
INSERT INTO `kinobot`.`movie_cast` (`movie_idmovie`, `actor_idactor`) VALUES (3, 14);
INSERT INTO `kinobot`.`movie_cast` (`movie_idmovie`, `actor_idactor`) VALUES (3, 15);
INSERT INTO `kinobot`.`movie_cast` (`movie_idmovie`, `actor_idactor`) VALUES (3, 16);
INSERT INTO `kinobot`.`movie_cast` (`movie_idmovie`, `actor_idactor`) VALUES (3, 17);
INSERT INTO `kinobot`.`movie_cast` (`movie_idmovie`, `actor_idactor`) VALUES (3, 18);
INSERT INTO `kinobot`.`movie_cast` (`movie_idmovie`, `actor_idactor`) VALUES (3, 19);
INSERT INTO `kinobot`.`movie_cast` (`movie_idmovie`, `actor_idactor`) VALUES (3, 20);
INSERT INTO `kinobot`.`movie_cast` (`movie_idmovie`, `actor_idactor`) VALUES (3, 21);
INSERT INTO `kinobot`.`movie_cast` (`movie_idmovie`, `actor_idactor`) VALUES (4, 22);
INSERT INTO `kinobot`.`movie_cast` (`movie_idmovie`, `actor_idactor`) VALUES (4, 23);
INSERT INTO `kinobot`.`movie_cast` (`movie_idmovie`, `actor_idactor`) VALUES (4, 24);
INSERT INTO `kinobot`.`movie_cast` (`movie_idmovie`, `actor_idactor`) VALUES (4, 25);
INSERT INTO `kinobot`.`movie_cast` (`movie_idmovie`, `actor_idactor`) VALUES (4, 26);
INSERT INTO `kinobot`.`movie_cast` (`movie_idmovie`, `actor_idactor`) VALUES (4, 27);
INSERT INTO `kinobot`.`movie_cast` (`movie_idmovie`, `actor_idactor`) VALUES (4, 28);
INSERT INTO `kinobot`.`movie_cast` (`movie_idmovie`, `actor_idactor`) VALUES (4, 29);
INSERT INTO `kinobot`.`movie_cast` (`movie_idmovie`, `actor_idactor`) VALUES (5, 30);
INSERT INTO `kinobot`.`movie_cast` (`movie_idmovie`, `actor_idactor`) VALUES (5, 31);
INSERT INTO `kinobot`.`movie_cast` (`movie_idmovie`, `actor_idactor`) VALUES (5, 32);
INSERT INTO `kinobot`.`movie_cast` (`movie_idmovie`, `actor_idactor`) VALUES (5, 33);
INSERT INTO `kinobot`.`movie_cast` (`movie_idmovie`, `actor_idactor`) VALUES (5, 34);
INSERT INTO `kinobot`.`movie_cast` (`movie_idmovie`, `actor_idactor`) VALUES (5, 35);
INSERT INTO `kinobot`.`movie_cast` (`movie_idmovie`, `actor_idactor`) VALUES (5, 36);
INSERT INTO `kinobot`.`movie_cast` (`movie_idmovie`, `actor_idactor`) VALUES (6, 37);
INSERT INTO `kinobot`.`movie_cast` (`movie_idmovie`, `actor_idactor`) VALUES (6, 38);
INSERT INTO `kinobot`.`movie_cast` (`movie_idmovie`, `actor_idactor`) VALUES (6, 39);
INSERT INTO `kinobot`.`movie_cast` (`movie_idmovie`, `actor_idactor`) VALUES (6, 40);
INSERT INTO `kinobot`.`movie_cast` (`movie_idmovie`, `actor_idactor`) VALUES (6, 41);
INSERT INTO `kinobot`.`movie_cast` (`movie_idmovie`, `actor_idactor`) VALUES (6, 42);
INSERT INTO `kinobot`.`movie_cast` (`movie_idmovie`, `actor_idactor`) VALUES (6, 43);
INSERT INTO `kinobot`.`movie_cast` (`movie_idmovie`, `actor_idactor`) VALUES (6, 44);
INSERT INTO `kinobot`.`movie_cast` (`movie_idmovie`, `actor_idactor`) VALUES (6, 45);
INSERT INTO `kinobot`.`movie_cast` (`movie_idmovie`, `actor_idactor`) VALUES (7, 46);
INSERT INTO `kinobot`.`movie_cast` (`movie_idmovie`, `actor_idactor`) VALUES (7, 47);
INSERT INTO `kinobot`.`movie_cast` (`movie_idmovie`, `actor_idactor`) VALUES (7, 48);
INSERT INTO `kinobot`.`movie_cast` (`movie_idmovie`, `actor_idactor`) VALUES (7, 49);
INSERT INTO `kinobot`.`movie_cast` (`movie_idmovie`, `actor_idactor`) VALUES (7, 50);
INSERT INTO `kinobot`.`movie_cast` (`movie_idmovie`, `actor_idactor`) VALUES (7, 51);
INSERT INTO `kinobot`.`movie_cast` (`movie_idmovie`, `actor_idactor`) VALUES (7, 52);
INSERT INTO `kinobot`.`movie_cast` (`movie_idmovie`, `actor_idactor`) VALUES (7, 53);
INSERT INTO `kinobot`.`movie_cast` (`movie_idmovie`, `actor_idactor`) VALUES (8, 54);
INSERT INTO `kinobot`.`movie_cast` (`movie_idmovie`, `actor_idactor`) VALUES (8, 55);
INSERT INTO `kinobot`.`movie_cast` (`movie_idmovie`, `actor_idactor`) VALUES (8, 56);
INSERT INTO `kinobot`.`movie_cast` (`movie_idmovie`, `actor_idactor`) VALUES (8, 57);
INSERT INTO `kinobot`.`movie_cast` (`movie_idmovie`, `actor_idactor`) VALUES (9, 58);
INSERT INTO `kinobot`.`movie_cast` (`movie_idmovie`, `actor_idactor`) VALUES (9, 59);
INSERT INTO `kinobot`.`movie_cast` (`movie_idmovie`, `actor_idactor`) VALUES (9, 60);
INSERT INTO `kinobot`.`movie_cast` (`movie_idmovie`, `actor_idactor`) VALUES (9, 61);
INSERT INTO `kinobot`.`movie_cast` (`movie_idmovie`, `actor_idactor`) VALUES (9, 62);
INSERT INTO `kinobot`.`movie_cast` (`movie_idmovie`, `actor_idactor`) VALUES (10, 63);
INSERT INTO `kinobot`.`movie_cast` (`movie_idmovie`, `actor_idactor`) VALUES (10, 64);
INSERT INTO `kinobot`.`movie_cast` (`movie_idmovie`, `actor_idactor`) VALUES (10, 65);
INSERT INTO `kinobot`.`movie_cast` (`movie_idmovie`, `actor_idactor`) VALUES (10, 66);
INSERT INTO `kinobot`.`movie_cast` (`movie_idmovie`, `actor_idactor`) VALUES (11, 67);
INSERT INTO `kinobot`.`movie_cast` (`movie_idmovie`, `actor_idactor`) VALUES (11, 68);
INSERT INTO `kinobot`.`movie_cast` (`movie_idmovie`, `actor_idactor`) VALUES (11, 69);
INSERT INTO `kinobot`.`movie_cast` (`movie_idmovie`, `actor_idactor`) VALUES (11, 70);
INSERT INTO `kinobot`.`movie_cast` (`movie_idmovie`, `actor_idactor`) VALUES (11, 71);
INSERT INTO `kinobot`.`movie_cast` (`movie_idmovie`, `actor_idactor`) VALUES (11, 72);
INSERT INTO `kinobot`.`movie_cast` (`movie_idmovie`, `actor_idactor`) VALUES (12, 73);
INSERT INTO `kinobot`.`movie_cast` (`movie_idmovie`, `actor_idactor`) VALUES (12, 74);
INSERT INTO `kinobot`.`movie_cast` (`movie_idmovie`, `actor_idactor`) VALUES (12, 75);
INSERT INTO `kinobot`.`movie_cast` (`movie_idmovie`, `actor_idactor`) VALUES (12, 76);
INSERT INTO `kinobot`.`movie_cast` (`movie_idmovie`, `actor_idactor`) VALUES (12, 77);
INSERT INTO `kinobot`.`movie_cast` (`movie_idmovie`, `actor_idactor`) VALUES (12, 78);
INSERT INTO `kinobot`.`movie_cast` (`movie_idmovie`, `actor_idactor`) VALUES (12, 79);
INSERT INTO `kinobot`.`movie_cast` (`movie_idmovie`, `actor_idactor`) VALUES (13, 80);
INSERT INTO `kinobot`.`movie_cast` (`movie_idmovie`, `actor_idactor`) VALUES (13, 81);
INSERT INTO `kinobot`.`movie_cast` (`movie_idmovie`, `actor_idactor`) VALUES (13, 82);
INSERT INTO `kinobot`.`movie_cast` (`movie_idmovie`, `actor_idactor`) VALUES (13, 83);
INSERT INTO `kinobot`.`movie_cast` (`movie_idmovie`, `actor_idactor`) VALUES (13, 84);
INSERT INTO `kinobot`.`movie_cast` (`movie_idmovie`, `actor_idactor`) VALUES (14, 85);
INSERT INTO `kinobot`.`movie_cast` (`movie_idmovie`, `actor_idactor`) VALUES (14, 86);
INSERT INTO `kinobot`.`movie_cast` (`movie_idmovie`, `actor_idactor`) VALUES (14, 87);
INSERT INTO `kinobot`.`movie_cast` (`movie_idmovie`, `actor_idactor`) VALUES (14, 88);
INSERT INTO `kinobot`.`movie_cast` (`movie_idmovie`, `actor_idactor`) VALUES (14, 89);
INSERT INTO `kinobot`.`movie_cast` (`movie_idmovie`, `actor_idactor`) VALUES (14, 90);
INSERT INTO `kinobot`.`movie_cast` (`movie_idmovie`, `actor_idactor`) VALUES (15, 91);
INSERT INTO `kinobot`.`movie_cast` (`movie_idmovie`, `actor_idactor`) VALUES (15, 92);
INSERT INTO `kinobot`.`movie_cast` (`movie_idmovie`, `actor_idactor`) VALUES (15, 93);
INSERT INTO `kinobot`.`movie_cast` (`movie_idmovie`, `actor_idactor`) VALUES (15, 94);
INSERT INTO `kinobot`.`movie_cast` (`movie_idmovie`, `actor_idactor`) VALUES (15, 95);
INSERT INTO `kinobot`.`movie_cast` (`movie_idmovie`, `actor_idactor`) VALUES (16, 96);
INSERT INTO `kinobot`.`movie_cast` (`movie_idmovie`, `actor_idactor`) VALUES (16, 97);
INSERT INTO `kinobot`.`movie_cast` (`movie_idmovie`, `actor_idactor`) VALUES (16, 98);
INSERT INTO `kinobot`.`movie_cast` (`movie_idmovie`, `actor_idactor`) VALUES (16, 99);
INSERT INTO `kinobot`.`movie_cast` (`movie_idmovie`, `actor_idactor`) VALUES (16, 100);
INSERT INTO `kinobot`.`movie_cast` (`movie_idmovie`, `actor_idactor`) VALUES (16, 101);
INSERT INTO `kinobot`.`movie_cast` (`movie_idmovie`, `actor_idactor`) VALUES (17, 102);
INSERT INTO `kinobot`.`movie_cast` (`movie_idmovie`, `actor_idactor`) VALUES (17, 103);
INSERT INTO `kinobot`.`movie_cast` (`movie_idmovie`, `actor_idactor`) VALUES (17, 104);
INSERT INTO `kinobot`.`movie_cast` (`movie_idmovie`, `actor_idactor`) VALUES (17, 105);
INSERT INTO `kinobot`.`movie_cast` (`movie_idmovie`, `actor_idactor`) VALUES (18, 106);
INSERT INTO `kinobot`.`movie_cast` (`movie_idmovie`, `actor_idactor`) VALUES (18, 107);
INSERT INTO `kinobot`.`movie_cast` (`movie_idmovie`, `actor_idactor`) VALUES (18, 108);
INSERT INTO `kinobot`.`movie_cast` (`movie_idmovie`, `actor_idactor`) VALUES (18, 109);
INSERT INTO `kinobot`.`movie_cast` (`movie_idmovie`, `actor_idactor`) VALUES (18, 110);
INSERT INTO `kinobot`.`movie_cast` (`movie_idmovie`, `actor_idactor`) VALUES (19, 111);
INSERT INTO `kinobot`.`movie_cast` (`movie_idmovie`, `actor_idactor`) VALUES (19, 112);
INSERT INTO `kinobot`.`movie_cast` (`movie_idmovie`, `actor_idactor`) VALUES (19, 113);
INSERT INTO `kinobot`.`movie_cast` (`movie_idmovie`, `actor_idactor`) VALUES (20, 114);
INSERT INTO `kinobot`.`movie_cast` (`movie_idmovie`, `actor_idactor`) VALUES (20, 115);
INSERT INTO `kinobot`.`movie_cast` (`movie_idmovie`, `actor_idactor`) VALUES (20, 116);
INSERT INTO `kinobot`.`movie_cast` (`movie_idmovie`, `actor_idactor`) VALUES (20, 117);
INSERT INTO `kinobot`.`movie_cast` (`movie_idmovie`, `actor_idactor`) VALUES (20, 118);
INSERT INTO `kinobot`.`movie_cast` (`movie_idmovie`, `actor_idactor`) VALUES (20, 119);
INSERT INTO `kinobot`.`movie_cast` (`movie_idmovie`, `actor_idactor`) VALUES (20, 120);
INSERT INTO `kinobot`.`movie_cast` (`movie_idmovie`, `actor_idactor`) VALUES (14, 68);
INSERT INTO `kinobot`.`movie_cast` (`movie_idmovie`, `actor_idactor`) VALUES (15, 75);
INSERT INTO `kinobot`.`movie_cast` (`movie_idmovie`, `actor_idactor`) VALUES (17, 30);

COMMIT;

